nome_prodotto,prezzo,link,sesso,categoria,sku,taglie,colore,materiale e composizione,descrizione,brand,fascia_prezzo
"Sneakers con zeppa Gianna rosa, vegane ecologiche",90.99,https://www.privatoeco.com//products/sneakers-con-zeppa-gianna-rosa-vegane-ecologiche,donna,Sneakers,SGR6,36 - 41,rosa,Sneakers realizzate in cotone naturale e stampa floreale.Fodera in cotone naturale.Suola in TR riciclato ultra-light e juta naturale.Sottopiede morbido extrasoft.Imballaggio ecologico.Cartolina piantabile.Approvato PETA.Made in Italy.,Sneakers color rosa antico in cotone e canapa naturale.Fodera in cotone naturale. Suola in TR riciclato ultra-light e juta naturale. Sottopiede morbido extrasoft.Imballaggio ecologico. Cartolina piantabile. Made in Italy.,Privato,"80–99,99€"
"Sneakers con zeppa Gianna floreale, vegane ecologiche",90.99,https://www.privatoeco.com//products/sneakers-con-zeppa-gianna-floreale-vegane-ecologiche,donna,Sneakers,SGF6,36 - 41,floreale,Sneakers realizzate in cotone naturale e stampa floreale.Fodera in cotone naturale.Suola in TR riciclato ultra-light e juta naturale.Sottopiede morbido extrasoft.Imballaggio ecologico.Cartolina piantabile.Approvato PETA.Made in Italy.,Sneakers realizzate in cotone naturale e stampa floreale.Fodera in cotone naturale. Suola in TR riciclato ultra-light e juta naturale. Sottopiede morbido extrasoft.Imballaggio ecologico. Cartolina piantabile. Made in Italy.,Privato,"80–99,99€"
"Sneakers Save the ocean bianco celeste, vegane ecologiche",87.99,https://www.privatoeco.com//products/sneakers-save-the-ocean-bianco-celeste-vegane-ecologiche,donna,Sneakers,SVC6,36 - 41,celeste,Tomaia: 42% PES riciclato 58% PU senza DMFFodera: 100% cotone naturaleSuola: TR riciclato (pre-consumo) - altezza 2.5cmEtichetta: carta riciclataScatola da scarpe: carta riciclata,"Sneakers realizzate dalle bottiglie di plastica riciclate ideali per qualsiasi stagione. Fodera in 100% cotone naturale traspirante ed assorbente. Suola extra light in TR riciclato (pre-consumo),altezza 2,5 cm. Imballaggio ecologico. 100% Made in Italy .",Privato,"80–99,99€"
"Sneakers Chiara Elisa bianco nude, vegane ecologiche",97.99,https://www.privatoeco.com//products/sneakers-save-the-ocean-bianco-nero-vegane-ecologiche,donna,Sneakers,SCER6,36 - 42,nude,Tomaia: 42% PES riciclato 58% PU senza DMFFodera: 100% cotone naturaleSuola: TR riciclato (pre-consumo) - altezza 2.5cmEtichetta: carta riciclataScatola da scarpe: carta riciclata,"Sneakers realizzate dalle bottiglie di plastica riciclate ideali per qualsiasi stagione. Bianche con inserto rosa nude. Fodera in 100% cotone naturale traspirante ed assorbente. Suola extra light in TR riciclato (pre-consumo),altezza 3 cm. Imballaggio ecologico. 100% Made in Italy .",Privato,"80–99,99€"
"Sneakers Lauren bianco nero, vegane ecologiche",124.99,https://www.privatoeco.com//products/sneakers-lauren-bianco-nero-vegane-ecologiche,donna,Sneakers,SLBN6,36 - 41,nero,Tomaia: 42% PES riciclato 58% PU senza DMFFodera: 100% cotone naturaleSuola: gomma leggera altezza 2.5cmEtichetta: carta riciclataScatola da scarpe: carta riciclata,"Sneakers morbide e leggere con lacci effetto peluche 100% Made in Italy . Divertiti ad abbinare i tuoi lacci preferiti nella sezione ""lacci"" dello shop. Calzata regolare, si consiglia una taglia standard. Scarpe realizzate in materiale riciclato e scampoli di scarti di produzioni passate. Fodera peluche in 100% cotone naturale traspirante ed assorbente, per questo motivo ideali per qualsiasi stagione. Suola in gomma ultraleggera color latte alta 3,5cm. Sottopiede anatomico estraibile con tacco 1,5cm. Ricamo laterale tono su tono, e stampa logo frontale silver. Prodotte eticamente in Italia da una fabbrica a conduzione familiare.",Privato,>=120€
"Sneakers Lauren bianco latte, vegane ecologiche",124.99,https://www.privatoeco.com//products/sneakers-lauren-bianco-latte-vegane-ecologiche,donna,Sneakers,SLL6,36 - 41,latte,Tomaia: 42% PES riciclato 58% PU senza DMFFodera: 100% cotone naturaleSuola: gomma leggera altezza 2.5cmEtichetta: carta riciclataScatola da scarpe: carta riciclata,"Sneakers morbide e leggere con lacci effetto peluche 100% Made in Italy. Divertiti ad abbinare i tuoi lacci preferiti nella sezione ""lacci""dello shop. Calzata regolare, si consiglia una taglia standard. Scarpe realizzate in materiale riciclato e scampoli di scarti di produzioni passate. Fodera peluche in 100% cotone naturale traspirante ed assorbente, per questo motivo ideali per qualsiasi stagione. Suola in gomma ultraleggera color latte alta 3,5 cm. Sottopiede anatomico estraibile con tacco 1,5cm. Ricamo laterale tono su tono, e stampa logo frontale silver. Prodotte eticamente in Italia da una fabbrica a conduzione familiare.",Privato,>=120€
"Sneakers Lauren bianco beige, vegane ecologiche",127.99,https://www.privatoeco.com//products/sneakers-lauren-bianco-beige-vegane-ecologiche,donna,Sneakers,SLBG6,36 - 41,beige,Tomaia: 42% PES riciclato 58% PU senza DMFFodera: 100% cotone naturaleSuola: gomma leggera altezza 2.5cmEtichetta: carta riciclataScatola da scarpe: carta riciclata,"Sneakers morbide e leggere con lacci effetto peluche 100% Made in Italy. Divertiti ad abbinare i tuoi lacci preferiti nella sezione ""lacci"" dello shop. Calzata regolare, si consiglia una taglia standard. Scarpe realizzate in materiale riciclato e scampoli di scarti di produzioni passate. Fodera peluche in 100% cotone naturale traspirante ed assorbente, per questo motivo ideali per qualsiasi stagione. Suola in gomma ultraleggera color latte alta 3,5 cm. Sottopiede anatomico estraibile con tacco 1,5cm. Ricamo laterale tono su tono, e stampa logo frontale silver. Prodotte eticamente in Italia da una fabbrica a conduzione familiare.",Privato,>=120€
"Sneakers Lauren bianco verde, vegane ecologiche",124.99,https://www.privatoeco.com//products/sneakers-lauren-bianco-verde-vegane-ecologiche,donna,Sneakers,SLV6,36 - 41,verde,Tomaia: 42% PES riciclato 58% PU senza DMFFodera: 100% cotone naturaleSuola: gomma leggera altezza 2.5cmEtichetta: carta riciclataScatola da scarpe: carta riciclata,"Sneakers morbide e leggere con lacci effetto peluche 100% Made in Italy . Divertiti ad abbinare i tuoi lacci preferiti nella sezione ""lacci"" dello shop. Calzata regolare, si consiglia una taglia standard. Scarpe realizzate in materiale riciclato e scampoli di scarti di produzioni passate. Fodera peluche in 100% cotone naturale traspirante ed assorbente, per questo motivo ideali per qualsiasi stagione. Suola in gomma ultraleggera color latte alta 3,5cm. Sottopiede anatomico estraibile con tacco 1,5cm. Ricamo laterale tono su tono, e stampa logo frontale silver. Prodotte eticamente in Italia da una fabbrica a conduzione familiare.",Privato,>=120€
"Sneakers Lauren bianco lilla, vegane ecologiche",124.99,https://www.privatoeco.com//products/sneakers-lauren-bianco-lilla-vegane-ecologiche,donna,Sneakers,SLLL6,36 - 41,lilla,Tomaia: 42% PES riciclato 58% PU senza DMFFodera: 100% cotone naturaleSuola: gomma leggera altezza 2.5cmEtichetta: carta riciclataScatola da scarpe: carta riciclata,"Sneakers morbide e leggere con lacci effetto peluche 100% Made in Italy. Divertiti ad abbinare i tuoi lacci preferiti nella sezione ""lacci"" dello shop. Calzata regolare, si consiglia una taglia standard. Scarpe realizzate in materiale riciclato e scampoli di scarti di produzioni passate. Fodera peluche in 100% cotone naturale traspirante ed assorbente, per questo motivo ideali per qualsiasi stagione. Suola in gomma ultraleggera color latte alta 3,5 cm. Sottopiede anatomico estraibile con tacco 1,5cm. Ricamo laterale tono su tono, e stampa logo frontale silver. Prodotte eticamente in Italia da una fabbrica a conduzione familiare.",Privato,>=120€
"Sneakers Lauren bianco oro, vegane ecologiche",124.99,https://www.privatoeco.com//products/sneakers-lauren-bianco-oro-vegane-ecologiche,donna,Sneakers,SLO6,36 - 41,oro,Tomaia: 42% PES riciclato 58% PU senza DMFFodera: 100% cotone naturaleSuola: gomma leggera altezza 2.5cmEtichetta: carta riciclataScatola da scarpe: carta riciclata,"Sneakers morbide e leggere con lacci effetto peluche 100% Made in Italy . Divertiti ad abbinare i tuoi lacci preferiti nella sezione ""lacci"" dello shop. Calzata regolare, si consiglia una taglia standard. Scarpe realizzate in materiale riciclato e scampoli di scarti di produzioni passate. Fodera peluche in 100% cotone naturale traspirante ed assorbente, per questo motivo ideali per qualsiasi stagione. Suola in gomma ultraleggera color latte alta 3,5cm. Sottopiede anatomico estraibile con tacco 1,5cm. Ricamo laterale tono su tono, e stampa logo frontale silver. Prodotte eticamente in Italia da una fabbrica a conduzione familiare.",Privato,>=120€
"Sneakers Lauren bianco arancio, vegane ecologiche",124.99,https://www.privatoeco.com//products/sneakers-lauren-bianco-arancio-vegane-ecologiche,donna,Sneakers,SLAR6,36 - 41,arancio,Tomaia: 42% PES riciclato 58% PU senza DMFFodera: 100% cotone naturaleSuola: gomma leggera altezza 2.5cmEtichetta: carta riciclataScatola da scarpe: carta riciclata,"Sneakers morbide e leggere con lacci effetto peluche 100% Made in Italy. Divertiti ad abbinare i tuoi lacci preferiti nella sezione ""lacci"" dello shop. Calzata regolare, si consiglia una taglia standard. Scarpe realizzate in materiale riciclato e scampoli di scarti di produzioni passate. Fodera peluche in 100% cotone naturale traspirante ed assorbente, per questo motivo ideali per qualsiasi stagione. Suola in gomma ultraleggera color latte alta 3,5 cm. Sottopiede anatomico estraibile con tacco 1,5cm. Ricamo laterale tono su tono, e stampa logo frontale silver. Prodotte eticamente in Italia da una fabbrica a conduzione familiare.",Privato,>=120€
"Sneakers Lauren bianco jeans, vegane ecologiche",128.99,https://www.privatoeco.com//products/sneakers-lauren-bianco-jeans-vegane-ecologiche,donna,Sneakers,SLJ6,36 - 41,jeans,Tomaia: 42% PES riciclato 58% PU senza DMFFodera: 100% cotone naturaleSuola: gomma leggera altezza 2.5cmEtichetta: carta riciclataScatola da scarpe: carta riciclata,"Sneakers morbide e leggere con lacci effetto peluche 100% Made in Italy . Divertiti ad abbinare i tuoi lacci preferiti nella sezione ""lacci"" dello shop. Calzata regolare, si consiglia una taglia standard. Scarpe realizzate in materiale riciclato e scampoli di scarti di produzioni passate. Fodera peluche in 100% cotone naturale traspirante ed assorbente, per questo motivo ideali per qualsiasi stagione. Suola in gomma ultraleggera color latte alta 3,5cm. Sottopiede anatomico estraibile con tacco 1,5cm. Ricamo laterale tono su tono, e stampa logo frontale silver. Prodotte eticamente in Italia da una fabbrica a conduzione familiare.",Privato,>=120€
"Sneakers Appleskin bianco silver, vegane ecologiche",99.99,https://www.privatoeco.com//products/sneakers-appleskin-bianco-silver-vegane-ecologiche,donna,Sneakers,APPL6,36 - 36,silver,Tomaia: 20% poliestere 16% cotone 38% poliuretano 26% apple wasteFodera: 20% bio poliestere 80% puSuola: TR riciclabile altezza 4cm - conforme alle normative REACHCartellino: piantabile con semi di lavandaPackaging: carta riciclabile,"Sneakers realizzate in Appleskin,un materiale sostenibile ottenuto dal recupero degli scarti delle bucce delle mele prodotte in Trentino. Bianche con inserto laminato silver. Fodera in bio PU. Suola riciclabile alta 4cm conforme alla Normativa Europea Reach. Imballaggio ecologico. 100% Made in Italy.",Privato,"80–99,99€"
"Sneakers Lauren bianco argento, vegane ecologiche",124.99,https://www.privatoeco.com//products/sneakers-lauren-bianco-argento-vegane-ecologiche,donna,Sneakers,SLA6,36 - 41,argento,Tomaia: 42% PES riciclato 58% PU senza DMFFodera: 100% cotone naturaleSuola: gomma leggera altezza 2.5cmEtichetta: carta riciclataScatola da scarpe: carta riciclata,"Sneakers morbide e leggere con lacci effetto peluche 100% Made in Italy. Divertiti ad abbinare i tuoi lacci preferiti nella sezione ""lacci"" dello shop. Calzata regolare, si consiglia una taglia standard. Scarpe realizzate in materiale riciclato e scampoli di scarti di produzioni passate. Fodera peluche in 100% cotone naturale traspirante ed assorbente, per questo motivo ideali per qualsiasi stagione. Suola in gomma ultraleggera color latte alta 3,5 cm. Sottopiede anatomico estraibile con tacco 1,5cm. Ricamo laterale tono su tono, e stampa logo frontale silver. Prodotte eticamente in Italia da una fabbrica a conduzione familiare.",Privato,>=120€
"Sneakers Chiara Elisa nero, vegane ecologiche",95.99,https://www.privatoeco.com//products/sneakers-chiara-elisa-nero-vegane-ecologiche,donna,Sneakers,SCEN6,36 - 42,nero,Tomaia: 42% PES riciclato 58% PU senza DMFFodera: 100% cotone naturaleSuola: TR riciclato (pre-consumo) - altezza 2.5cmEtichetta: carta riciclataScatola da scarpe: carta riciclata,"Sneakers realizzate dalle bottiglie di plastica riciclate ideali per qualsiasi stagione. Nere con inserto bianco. Fodera in 100% cotone naturale traspirante ed assorbente. Suola extra light in TR riciclato (pre-consumo),altezza 3 cm. Imballaggio ecologico. 100% Made in Italy .",Privato,"80–99,99€"
"Sneakers Chiara Rita giallo, vegane ecologiche",64.99,https://www.privatoeco.com//products/sneakers-chiara-rita-giallo-vegane-ecologiche,donna,Sneakers,SRG6,36 - 41,giallo,Tomaia: 42% PES riciclato 58% PU senza DMFFodera: 100% cotone naturaleSuola: TR riciclato (pre-consumo) - altezza 2.5cmEtichetta: carta riciclataScatola da scarpe: carta riciclata,"Sneakers realizzate dalle bottiglie di plastica riciclate ideali per qualsiasi stagione. Giallo con inserto bianco. Tomaia tinta con coloranti ad acqua, effetto vintage. Fodera in 100% cotone naturale traspirante ed assorbente. Suola extra light in TR riciclato (pre-consumo),altezza 3 cm. Imballaggio ecologico. 100% Made in Italy.",Privato,"<79,99€"
"Sneakers Chiara Rita rosa, vegane ecologiche",64.99,https://www.privatoeco.com//products/sneakers-chiara-rita-rosa-vegane-ecologiche,donna,Sneakers,SRR6,36 - 41,rosa,Tomaia: 42% PES riciclato 58% PU senza DMFFodera: 100% cotone naturaleSuola: TR riciclato (pre-consumo) - altezza 2.5cmEtichetta: carta riciclataScatola da scarpe: carta riciclata,"Sneakers realizzate dalle bottiglie di plastica riciclate ideali per qualsiasi stagione. Rosa con inserto bianco. Tomaia tinta con coloranti ad acqua, effetto vintage. Fodera in 100% cotone naturale traspirante ed assorbente. Suola extra light in TR riciclato (pre-consumo),altezza 3 cm. Imballaggio ecologico.  100% Made in Italy.",Privato,"<79,99€"
"Sneakers Chiara Elisa bianca, vegane ecologiche",94.99,https://www.privatoeco.com//products/sneakers-chiara-elisa-bianca-vegane-ecologiche,donna,Sneakers,SCEB6,36 - 42,bianca,Tomaia: 56% TPU 44 %% A BASE DI CO-BIO ≥ 60% (Realizzato con energia pulita)Baffetto: 42% PES riciclato 58% PU senza DMFFodera: cotone naturaleSuola: gomma leggera - colore crema altezza 3cmEtichetta: carta riciclataScatola: carta riciclata,"Sneakers realizzate in Fibra di mais, un materiale sostenibile ottenuto dal recupero degli scarti della produzione del mais. Bianche con inserto nero. Fodera in 100% cotone naturale traspirante ed assorbente. Suola extra light in TR riciclato (pre-consumo),altezza 3 cm. Imballaggio ecologico. 100% Made in Italy .",Privato,"80–99,99€"
"Sneakers Save the ocean bianco rosa, vegane ecologiche",85.99,https://www.privatoeco.com//products/sneakers-save-the-ocean-bianco-rosa-vegane-ecologiche-1,donna,Sneakers,SVR6,36 - 41,rosa,Tomaia: 42% PES riciclato 58% PU senza DMFFodera: 100% cotone naturaleSuola: TR riciclato (pre-consumo) - altezza 2.5cmEtichetta: carta riciclataScatola da scarpe: carta riciclata,"Sneakers realizzate dalle bottiglie di plastica riciclate ideali per qualsiasi stagione. Fodera in 100% cotone naturale traspirante ed assorbente. Suola extra light in TR riciclato (pre-consumo),altezza 2,5 cm. Imballaggio ecologico. 100% Made in Italy.",Privato,"80–99,99€"
"Sneakers Save the ocean bianco nero, vegane ecologiche",87.99,https://www.privatoeco.com//products/sneakers-save-the-ocean-bianco-rosa-vegane-ecologiche,donna,Sneakers,SVN7,36 - 41,nero,Tomaia: 42% PES riciclato 58% PU senza DMFFodera: 100% cotone naturaleSuola: TR riciclato (pre-consumo) - altezza 2.5cmEtichetta: carta riciclataScatola da scarpe: carta riciclata,"Sneakers realizzate dalle bottiglie di plastica riciclate ideali per qualsiasi stagione. Fodera in 100% cotone naturale traspirante ed assorbente. Suola extra light in TR riciclato (pre-consumo),altezza 2,5 cm. Imballaggio ecologico. 100% Made in Italy.",Privato,"80–99,99€"
"Stivali Jane marrone, vegani ecologici",95.0,https://www.privatoeco.com//products/stivali-jane-marrone-vegani-ecologici,donna,Stivali,SJM6,36 - 41,marrone,Tomaia: 42% PES riciclato 58% PU senza DMFFodera: 42% PES riciclato 58% PU senza DMFSuola: TR riciclato ultralight Etichetta + carta velina: carta riciclataScatola: carta riciclata,"Stivaletti leggeri marroni con tacco quadrato e zip laterale per un facile ingresso del piede. Cinturino fisso non regolabile.Circonferenza gambale 28cm.Altezza gambale 15 cm.Altezza tacco 6 cm.   Modello con calzata leggermente piccola, ideali per piedi sottili. In caso di dubbi tra due numeri, suggeriamo la taglia più grande. Questo prodotto è stato realizzato con materiali riciclati per tomaia, fodera, sottopiede di montaggio, soletta interna ed elementi packaging.",Privato,"80–99,99€"
"Stivali Jane nero, vegani ecologici",95.0,https://www.privatoeco.com//products/stivali-jane-nero-vegani-ecologici,donna,Stivali,SJN6,36 - 41,nero,Tomaia: 42% PES riciclato 58% PU senza DMFFodera: 42% PES riciclato 58% PU senza DMFSuola: TR riciclato ultralight Etichetta + carta velina: carta riciclataScatola: carta riciclata,"Stivaletti leggeri con tacco quadrato e zip laterale per un facile ingresso del piede. Cinturino fisso non regolabile.Circonferenza gambale 28cm.Altezza gambale 15 cm.Altezza tacco 6 cm.   Modello con calzata leggermente piccola, ideali per piedi sottili. In caso di dubbi tra due numeri, suggeriamo la taglia più grande. Questo prodotto è stato realizzato con materiali riciclati per tomaia, fodera, sottopiede di montaggio, soletta interna ed elementi packaging.",Privato,"80–99,99€"
"Stivali tronchetti Diana marrone, vegani ecologici",96.0,https://www.privatoeco.com//products/stivali-tronchetti-diana-marrone-vegani-ecologici,donna,Stivali,SDM6,36 - 41,marrone,Tomaia: 42% PES riciclato 58% PU senza DMFFodera: 42% PES riciclato 58% PU senza DMFSuola: TR riciclato ultralight Etichetta + carta velina: carta riciclataScatola: carta riciclata,"Stivali tronchetti marrone leggeri con zip laterale per un facile ingresso del piede. Cinturino fisso non regolabile.Circonferenza gambale 30cm.Altezza gambale 19cm.Altezza tacco 6cm.   Modello con calzata leggermente piccola, ideali per piedi sottili. In caso di dubbi tra due numeri, suggeriamo la taglia più grande. Questo prodotto è stato realizzato con materiali riciclati per tomaia, fodera, sottopiede di montaggio, soletta interna ed elementi packaging.",Privato,"80–99,99€"
"Stivali tronchetti Diana nero, vegani ecologici",96.0,https://www.privatoeco.com//products/tronchetti-diana-nero-vegani-ecologici,donna,Stivali,SDN6,36 - 41,nero,Tomaia: 42% PES riciclato 58% PU senza DMFFodera: 42% PES riciclato 58% PU senza DMFSuola: TR riciclato ultralight Etichetta + carta velina: carta riciclataScatola: carta riciclata,"Stivali tronchetti neri leggeri con zip laterale per un facile ingresso del piede. Cinturino fisso non regolabile.Circonferenza gambale 30cm.Altezza gambale 19cm.Altezza tacco 6cm.   Modello con calzata leggermente piccola, ideali per piedi sottili. In caso di dubbi tra due numeri, suggeriamo la taglia più grande. Questo prodotto è stato realizzato con materiali riciclati per tomaia, fodera, sottopiede di montaggio, soletta interna ed elementi packaging.",Privato,"80–99,99€"
"Stivali Sissi marrone, vegani ecologici",99.0,https://www.privatoeco.com//products/stivali-sissi-marrone-vegani-ecologici,donna,Stivali,SSM6,36 - 41,marrone,Tomaia: 42% PES riciclato 58% PU senza DMFFodera: 42% PES riciclato 58% PU senza DMFSuola: TR riciclato ultralight Etichetta + carta velina: carta riciclataScatola: carta riciclata,"Stivali vegani color marrone alti fino al ginocchio con zip laterale per facile inserimento del piede.Gambale con dettaglio elasticizzato per un maggior comfort.Cinturino fisso non regolabile.Circonferenza gambale 42cm.Altezza gambale 36cm.Altezza suola 2cm.   Rivisitazione dei classici stivali da equitazione in versione sostenibile e cruelty-free. Questo prodotto è stato realizzato con materiali riciclati per tomaia, fodera, sottopiede di montaggio, soletta interna ed elementi packaging.",Privato,"80–99,99€"
"Stivali Sissi nero, vegani ecologici",99.0,https://www.privatoeco.com//products/stivali-sissi-nero-vegani-ecologici,donna,Stivali,SSN6,36 - 41,nero,Tomaia: 42% PES riciclato 58% PU senza DMFFodera: 42% PES riciclato 58% PU senza DMFSuola: TR riciclato ultralight Etichetta + carta velina: carta riciclataScatola: carta riciclata,"Stivali vegani alti fino al ginocchio con zip laterale per facile inserimento del piede.Gambale con dettaglio elasticizzato per un maggior comfort.Cinturino fisso non regolabile.Circonferenza gambale 42cm.Altezza gambale 36cm.Altezza suola 2cm.   Rivisitazione dei classici stivali da equitazione in versione sostenibile e cruelty-free. Questo prodotto è stato realizzato con materiali riciclati per tomaia, fodera, sottopiede di montaggio, soletta interna ed elementi packaging.",Privato,"80–99,99€"
"Mocassini ADM  nero lucido, vegani ecologici",85.99,https://www.privatoeco.com//products/mocassini-adm-nero-lucido-vegani-ecologici,donna,Mocassini,MA5,35 - 40,lucido,Tomaia: 60% PU 40% PAFodera: 80% PA 20%COSuola: gomma termo leggeraEtichetta: carta piantabileScatola: carta riciclabile,Mocassini vegani modello silp on color nero lucido. Altezza suola 5cm.   Imballaggio ecologico.   Questo prodotto fa parte di una collezione co-branding in edizione limitata. PRIVATO ospita per la prima volta sul proprio shop online il brand partener ARMATA DI MARE come forma di solidarietà verso la pulizia delle acque degli oceani.,Privato,"80–99,99€"
"Mocassini Elsa cammello, vegani ecologici",97.5,https://www.privatoeco.com//products/mocassini-elsa-cammello-vegani-ecologici,donna,Mocassini,MEC6,36 - 41,cammello,Tomaia: 42% PES riciclato 58% PU senza DMFFodera: 42% PES riciclato 58% PU senza DMFSuola: EVA ultralight Etichetta + carta velina: carta riciclataScatola: carta riciclata,"Mocassini leggeri color cammello opaco con accessorio morsetto lucido frontale. Leggera spazzolatura nera in punta. Scarpa senza lacci.Altezza suola 4 cm.   Modello con calzata abbondante. Consigliamo una taglia più piccola. Questo prodotto è stato realizzato con materiali riciclati per tomaia, fodera, sottopiede di montaggio, soletta interna ed elementi packaging.",Privato,"80–99,99€"
"Mocassini Elsa grigio chiaro, vegani ecologici",97.5,https://www.privatoeco.com//products/mocassini-elsa-verde-chiaro-vegani-ecologici,donna,Mocassini,MEGC6,36 - 41,chiaro,Tomaia: 42% PES riciclato 58% PU senza DMFFodera: 42% PES riciclato 58% PU senza DMFSuola: EVA ultralight Etichetta + carta velina: carta riciclataScatola: carta riciclata,"Mocassini leggeri color grigio chiaro opaco con accessorio morsetto lucido frontale. Leggera spazzolatura nera in punta. Scarpa senza lacci.Altezza suola 4 cm.   Modello con calzata abbondante. Consigliamo una taglia più piccola. Questo prodotto è stato realizzato con materiali riciclati per tomaia, fodera, sottopiede di montaggio, soletta interna ed elementi packaging.",Privato,"80–99,99€"
"Mocassini Elsa grigio scuro, vegani ecologici",97.5,https://www.privatoeco.com//products/mocassini-elsa-grigio-vegani-ecologici,donna,Mocassini,MEGS6,36 - 41,scuro,Tomaia: 42% PES riciclato 58% PU senza DMFFodera: 42% PES riciclato 58% PU senza DMFSuola: EVA ultralight Etichetta + carta velina: carta riciclataScatola: carta riciclata,"Mocassini leggeri color grigio scuro opaco con accessorio morsetto lucido frontale. Leggera spazzolatura nera in punta. Scarpa senza lacci.Altezza suola 4 cm.   Modello con calzata abbondante. Consigliamo una taglia più piccola. Questo prodotto è stato realizzato con materiali riciclati per tomaia, fodera, sottopiede di montaggio, soletta interna ed elementi packaging.",Privato,"80–99,99€"
"Mocassini Elsa nero, vegani ecologici",97.5,https://www.privatoeco.com//products/mocassini-elsa-nero-vegani-ecologici,donna,Mocassini,MEN6,36 - 41,nero,Tomaia: 42% PES riciclato 58% PU senza DMFFodera: 42% PES riciclato 58% PU senza DMFSuola: EVA ultralight Etichetta + carta velina: carta riciclataScatola: carta riciclata,"Mocassini leggeri color nero opaco con accessorio morsetto lucido frontale. Scarpa senza lacci.Altezza suola 4 cm.   Modello con calzata abbondante. Consigliamo una taglia più piccola. Questo prodotto è stato realizzato con materiali riciclati per tomaia, fodera, sottopiede di montaggio, soletta interna ed elementi packaging.",Privato,"80–99,99€"
"Stivali Emma nero elasticizzati , vegani ecologici",79.99,https://www.privatoeco.com//products/stivali-emma-nero-elasticizzati-vegani-ecologici,donna,Stivali,SE0,36 - 41,nero,Tomaia: 70% PU 20% PES 10%COTFodera: 70% PU 20% PES 10%COTSuola: 100% Tr riciclabileEtichetta: carta riciclataScatola da scarpe: carta riciclata,"Stivaletti light a calza in eco PU elasticizzato. Suola riciclabile con plateau alto 3cm e tacco alto 8,5 cm conforme alla Normativa Europea Reach. Calzata regolare. Packaging ecologico privo di plastica. 100% Made in Italy.",Privato,"<79,99€"
"Stivali Karma elasticizzati , vegani ecologici",94.99,https://www.privatoeco.com//products/stivali-karma-elasticizzati-vegani-ecologici,donna,Stivali,SKE6,35 - 41,nero,Tomaia: 60% PU 40% PAFodera: 80% PA 20%COSuola: gomma termo leggeraEtichetta: carta piantabileScatola: carta riciclabile,Stivali vegani elasticizzati alti fin sotto il ginocchio con zip laterale. Altezza gambale 42 cm. Altezza suola 5 cm.   Imballaggio ecologico.   Questo prodotto fa parte di una collezione co-branding in edizione limitata. PRIVATO ospita per la prima volta sul proprio shop online il brand partener ARMATA DI MARE come forma di solidarietà verso la pulizia delle acque degli oceani.,Privato,"80–99,99€"
"Stivali Berlin con elastico nero, vegani ecologici",94.0,https://www.privatoeco.com//products/stivali-berlin-con-elastico-nero-vegani-ecologici,donna,Stivali,SB5,35 - 41,nero,Tomaia: 60% PU 40% PAFodera: 80% PA 20%COSuola: gomma termo leggeraEtichetta: carta piantabileScatola: carta riciclabile,Questo prodotto fa parte di una collezione co-branding in edizione limitata. PRIVATO ospita per la prima volta sul proprio shop online il brand partener ARMATA DI MARE come forma di solidarietà verso la pulizia delle acque degli oceani. Stivali vegani con elastico laterale. Circonferenza gambale 26cm. Altezza gambale 15 cm. Altezza suola 5 cm.   Imballaggio ecologico.,Privato,"80–99,99€"
"Stivali New Oslo con elastico nero, vegani ecologici",94.0,https://www.privatoeco.com//products/stivale-new-oslo-con-elastico-nero-vegani-ecologici,donna,Stivali,SNO5,35 - 40,nero,Tomaia: 60% PU 40% PAFodera: 80% PA 20%COSuola: gomma termo leggeraEtichetta: carta piantabileScatola: carta riciclabile,Stivali vegani con elastico laterale asimmetrico. Circonferenza gambale 30cm. Altezza gambale 20cm. Altezza suola 5cm.   Imballaggio ecologico.   Questo prodotto fa parte di una collezione co-branding in edizione limitata. PRIVATO ospita per la prima volta sul proprio shop online il brand partener ARMATA DI MARE come forma di solidarietà verso la pulizia delle acque degli oceani.,Privato,"80–99,99€"
"Slip on nero, vegane ecologiche",79.99,https://www.privatoeco.com//products/slip-on-nero-vegane-ecologiche,donna,Slip on,SON0,40 - 40,nero,Tomaia: 42% PES riciclato 58% PU senza DMFFodera: 42% PES riciclato 58% PU senza DMFSuola: EVA ultralight Etichetta + carta velina: carta riciclataScatola: carta riciclata,"Prodotto versatile in tutte le occasioni sia in casa che fuori. Nella sua forma tipica a slip on, questa ciabatta è stata realizzata in microfibra e foderata in morbida pelliccia sintetica eco con un dettaglio a treccia ricamato sul perimetro. Modello con calzata regolare. In caso di dubbio tra due numeri si consiglia la taglia più piccola.Altezza suola 5 cm.",Privato,"<79,99€"
"Tacchi Sofia nero, vegani ecologici",69.0,https://www.privatoeco.com//products/tacchi-sofia-nero-vegani-ecologici,donna,Tacchi,TSN5,35 - 40,nero,Tomaia: 40% PES 60% PUFodera:  36% VI 64% PUSuola: Microlite con antiscivolo,Décolleté realizzate in materiale vegano sostenibile con accessorio gioiello. Altezza tacco 10 cm. Suola in microlite antiscivolo con miscela in sabbia naturale. Soletta intena imbottita extrasoft.Imballaggio ecologico. Cartolina piantabile. Made in Italy.,Privato,"<79,99€"
"Tacchi Sofia nude, vegani ecologici",69.0,https://www.privatoeco.com//products/tacchi-sofia-nude-vegani-ecologici,donna,Tacchi,TSR5,35 - 40,nude,Tomaia: 40% PES 60% PUFodera:  36% VI 64% PUSuola: Microlite con antiscivolo,Décolleté realizzate in materiale vegano sostenibile con accessorio gioiello. Altezza tacco 10 cm. Suola in microlite antiscivolo con miscela in sabbia naturale. Soletta intena imbottita extrasoft.Imballaggio ecologico. Cartolina piantabile. Made in Italy.,Privato,"<79,99€"
"Tacchi Valentina glicine, vegani ecologici",69.0,https://www.privatoeco.com//products/tacchi-valentina-glicine-vegani-ecologici,donna,Tacchi,TVG8,36 - 41,glicine,Tomaia: 23% VI 77% PUFodera:  36% VI 64% PUBIO-BASED MASS CONTENT: 35%Cinturino rivestito: Nickel freeSuola: Microlite con antiscivolo,Scarpe con tacco e cinturino alla caviglia realizzate in materiale riciclato e microlite. Altezza tacco 11 cm.Fodera in PES riciclato. Suola in microlite antiscivolo con miscela in sabbia naturale. Sottopiede morbido extrasoft.Imballaggio ecologico. Cartolina piantabile. Made in Italy.,Privato,"<79,99€"
"Tacchi Valentina blue, vegani ecologici",69.0,https://www.privatoeco.com//products/tacchi-valentina-blue-vegani-ecologici,donna,Tacchi,TVB8,38 - 41,blue,Tomaia: 23% VI 77% PUFodera:  36% VI 64% PUBIO-BASED MASS CONTENT: 35%Cinturino rivestito: Nickel freeSuola: Microlite con antiscivolo,Scarpe con tacco e cinturino alla caviglia realizzate in materiale riciclato e microlite. Altezza tacco 11 cm.Fodera in PES riciclato. Suola in microlite antiscivolo con miscela in sabbia naturale. Sottopiede morbido extrasoft.Imballaggio ecologico. Cartolina piantabile. Made in Italy.,Privato,"<79,99€"
"Sneakers uomo Kevin bianche, vegane ecologiche",79.99,https://www.privatoeco.com/products/sneakers-uomo-kevin-bianche-vegane-ecologiche,uomo,Sneakers,KB4,44 - 46,bianco,Tomaia: 60% PU 40% PES Fodera: Bio PU Suola: 70% TR + 30% TR riciclato,"Sneakers da uomo bianche con retro nero realizzate da rifiuti di plastica riciclata. Morbidissime, imbottite e leggere. Fodera cotone naturale. Suola in TR riciclato ultra-light.Sottopiede morbido extra soft. Imballaggio ecologico. Cartolina piantabile. Approvato PETA. Made in Italy.",Privato,"<79,99€"
"Sneakers uomo Kevin nere, vegane ecologiche",79.99,https://www.privatoeco.com/products/sneakers-uomo-kevin-nere-vegane-ecologiche,uomo,Sneakers,KN3,43 - 46,nero,Tomaia: 60% PU 40% PES Fodera:  Bio PU Suola: 70% TR + 30% TR riciclato,"Sneakers da uomo nere con retro bianco realizzate da rifiuti di plastica riciclata. Morbidissime, imbottite e leggere. Fodera cotone naturale. Suola in TR riciclato ultra-light. Sottopiede morbido extra soft. Imballaggio ecologico. Cartolina piantabile. Approvato PETA.Made in Italy.",Privato,"<79,99€"
