nome_prodotto,taglie_prodotto,marca,genere,tipologia,lista_prezzo,lista_colori,brand
V-10 CWL WHITE NATURAL,22-35,Veja,Unisex,Sneaker,95 €,WHITE NATURAL,Veja
V-10 CWL WHITE MARSALA ORANGE FLUO,22-35,Veja,Unisex,Sneaker,95 €,ORANGE FLUO,Veja
VOLLEY ELASTIC LACES CANVAS WHITE BLACK NATURAL,22-35,Veja,Unisex,Sneaker,85 €,BLACK NATURAL,Veja
VOLLEY ELASTIC LACES CANVAS BLACK WHITE NATURAL,22-35,Veja,Unisex,Sneaker,85 €,WHITE NATURAL,Veja
CANARY ELASTIC LACES ALVEOMESH GRAVEL MALIBU SILVER,22-35,Veja,Unisex,Sneaker,95 €,MALIBU SILVER,Veja
CANARY ELASTIC LACES ALVEOMESH PARME WHITE,22-35,Veja,Unisex,Sneaker,95 €,PARME WHITE,Veja
CANARY ELASTIC LACES ALVEOMESH GRAVEL BRITTANY,22-35,Veja,Unisex,Sneaker,95 €,GRAVEL BRITTANY,Veja
CANARY ELASTIC LACES NAUTICO PIERRE BLACK,22-35,Veja,Unisex,Sneaker,95 €,PIERRE BLACK,Veja
V-10 CWL WHITE MAGENTA SARI,22-35,Veja,Unisex,Sneaker,95 €,MAGENTA SARI,Veja
V-10 CWL WHITE BLACK,22-35,Veja,Unisex,Sneaker,95 €,WHITE BLACK,Veja
V-10 CWL WHITE COBALT PEKIN,22-35,Veja,Unisex,Sneaker,95 €,COBALT PEKIN,Veja
V-10 MID CWL WHITE COBALT ORANGE FLUO,22-35,Veja,Unisex,Sneaker,115 €,ORANGE FLUO,Veja
OLLIE CANVAS WHITE PIERRE,22-35,Veja,Unisex,Sneaker,69 €,WHITE PIERRE,Veja
OLLIE CANVAS OASIS PIERRE,22-35,Veja,Unisex,Sneaker,69 €,OASIS PIERRE,Veja
OLLIE CANVAS MARINE PIERRE,22-35,Veja,Unisex,Sneaker,69 €,MARINE PIERRE,Veja
OLLIE CANVAS CANYON PIERRE,22-35,Veja,Unisex,Sneaker,69 €,CANYON PIERRE,Veja
CANARY ELASTIC LACES ALVEOMESH WHITE PLATINE,22-35,Veja,Unisex,Sneaker,95 €,WHITE PLATINE,Veja
CANARY ELASTIC LACES ALVEOMESH NAUTICO OXFORD GREY,22-35,Veja,Unisex,Sneaker,95 €,OXFORD GREY,Veja
CANARY ELASTIC LACES ALVEOMESH GREY CALIFORNIA SILVER,22-35,Veja,Unisex,Sneaker,95 €,CALIFORNIA SILVER,Veja
CANARY ELASTIC LACES ALVEOMESH GRAFITE TONIC,22-35,Veja,Unisex,Sneaker,95 €,GRAFITE TONIC,Veja
V-10 CWL WHITE COBALT PEKIN,22-35,Veja,Unisex,Sneaker,105 €,COBALT PEKIN,Veja
V-10 CWL WHITE PLATINE SILVER,22-35,Veja,Unisex,Sneaker,105 €,PLATINE SILVER,Veja
V-10 CWL WHITE PIERRE ROSE FLUO,22-35,Veja,Unisex,Sneaker,105 €,ROSE FLUO,Veja
V-10 CWL WHITE PIERRE EMERAUDE,22-35,Veja,Unisex,Sneaker,105 €,PIERRE EMERAUDE,Veja
BABY CANVAS POKER PIERRE,22-35,Veja,Unisex,Sneaker,49 €,POKER PIERRE,Veja
BABY CANVAS OASIS PIERRE,22-35,Veja,Unisex,Sneaker,49 €,OASIS PIERRE,Veja
BABY CANVAS CALIFORNIA PEKIN,22-35,Veja,Unisex,Sneaker,49 €,CALIFORNIA PEKIN,Veja
BABY CANVAS DUNE CALIFORNIA,22-35,Veja,Unisex,Sneaker,49 €,DUNE CALIFORNIA,Veja
CANARY ELASTIC LACES ALVEOMESH WHITE PIERRE,22-35,Veja,Unisex,Sneaker,95 €,WHITE PIERRE,Veja
CANARY ELASTIC LACES ALVEOMESH BLACK PIERRE,22-35,Veja,Unisex,Sneaker,95 €,BLACK PIERRE,Veja
CANARY ELASTIC LACES ALVEOMESH WHITE INDIGO,22-35,Veja,Unisex,Sneaker,95 €,WHITE INDIGO,Veja
CANARY ELASTIC LACES ALVEOMESH PUMPKIN WHITE,22-35,Veja,Unisex,Sneaker,95 €,PUMPKIN WHITE,Veja
FLIP ELASTIC LACES CANVAS BLACK PIERRE,22-35,Veja,Unisex,Sneaker,69 €,BLACK PIERRE,Veja
FLIP ELSATIC LACES CANVAS BABE PIERRE,22-35,Veja,Unisex,Sneaker,69 €,BABE PIERRE,Veja
FLIP ELSATIC LACES CANVAS PAROS PIERRE,22-35,Veja,Unisex,Sneaker,69 €,PAROS PIERRE,Veja
FLIP ELASTIC LACES CANVAS POKER PIERRE,22-35,Veja,Unisex,Sneaker,69 €,POKER PIERRE,Veja
CANARY ELASTIC LACES ALVEOMESH STEEL WHITE,22-35,Veja,Unisex,Sneaker,95 €,STEEL WHITE,Veja
CANARY ELASTIC LACES ALVEOMESH NATURAL LOTUS,22-35,Veja,Unisex,Sneaker,95 €,NATURAL LOTUS,Veja
CANARY ELASTIC LACES ALVEOMESH NAUTICO AQUA,22-35,Veja,Unisex,Sneaker,95 €,NAUTICO AQUA,Veja
CANARY ELASTIC LACES ALVEOMESH NATURAL BABE,22-35,Veja,Unisex,Sneaker,95 €,NATURAL BABE,Veja
OLLIE CANVAS POKER PIERRE,22-35,Veja,Unisex,Sneaker,69 €,POKER PIERRE,Veja
OLLIE CANVAS WHITE LOTUS,22-35,Veja,Unisex,Sneaker,69 €,WHITE LOTUS,Veja
OLLIE CANVAS COSMOS PIERRE,22-35,Veja,Unisex,Sneaker,69 €,COSMOS PIERRE,Veja
OLLIE CANVAS BUTTER WHITE,22-35,Veja,Unisex,Sneaker,69 €,BUTTER WHITE,Veja
CANARY ELASTIC LACES ALVEOMESH POKER JADE,22-35,Veja,Unisex,Sneaker,95 €,POKER JADE,Veja
CANARY ELASTIC LACES ALVEOMESH NATURAL VENUS,22-35,Veja,Unisex,Sneaker,95 €,NATURAL VENUS,Veja
CANARY ELASTIC LACES ALVEOMESH NAUTICO OXFORD GREY,22-35,Veja,Unisex,Sneaker,95 €,OXFORD GREY,Veja
CANARY ELASTIC LACES ALVEOMESH LOTUS PLATINE,22-35,Veja,Unisex,Sneaker,95 €,LOTUS PLATINE,Veja
V-10 CWL WHITE TONIC,22-35,Veja,Unisex,Sneaker,95 €,WHITE TONIC,Veja
V-10 CWL WHITE PAROS,22-35,Veja,Unisex,Sneaker,95 €,WHITE PAROS,Veja
V-10 CWL WHITE PETALE,22-35,Veja,Unisex,Sneaker,95 €,WHITE PETALE,Veja
V-10 CWL WHITE MIA,22-35,Veja,Unisex,Sneaker,95 €,WHITE MIA,Veja
OLLIE CANVAS AQUA PIERRE,22-35,Veja,Unisex,Sneaker,69 €,AQUA PIERRE,Veja
OLLIE CANVAS PUMPKIN PIERRE,22-35,Veja,Unisex,Sneaker,69 €,PUMPKIN PIERRE,Veja
OLLIE CANVAS VEJA X BONPOINT BUTTER,22-35,Veja,Unisex,Sneaker,100 €,BONPOINT BUTTER,Veja
OLLIE CANVAS VEJA X BONPOINT DUNE,22-35,Veja,Unisex,Sneaker,100 €,BONPOINT DUNE,Veja
CANARY ELASTIC LACES ALVEOMESH EMERAUDE PIERRE,22-35,Veja,Unisex,Sneaker,95 €,EMERAUDE PIERRE,Veja
CANARY ELASTIC LACES ALVEOMESH NATURAL MIA,22-35,Veja,Unisex,Sneaker,95 €,NATURAL MIA,Veja
CANARY ELASTIC LACES ALVEOMESH NAUTICO TONIC,22-35,Veja,Unisex,Sneaker,95 €,NAUTICO TONIC,Veja
CANARY ELASTIC LACES ALVEOMESH TONIC BLACK,22-35,Veja,Unisex,Sneaker,95 €,TONIC BLACK,Veja
BABY CANVAS BABE WHITE,22-35,Veja,Unisex,Sneaker,49 €,BABE WHITE,Veja
V-10 CWL WHITE MATCHA,22-35,Veja,Unisex,Sneaker,95 €,WHITE MATCHA,Veja
CANARY ELASTIC LACES ALVEOMESH STEEL WHITE,22-35,Veja,Unisex,Sneaker,95 €,STEEL WHITE,Veja
CANARY ELASTIC LACES ALVEOMESH WHITE PARME,22-35,Veja,Unisex,Sneaker,95 €,WHITE PARME,Veja
BABY CANVAS BABE CASHEW,22-35,Veja,Unisex,Sneaker,49 €,BABE CASHEW,Veja
CAMPO CANVAS WHITE BLACK,35-47,Veja,Unisex,Sneaker,120 €,WHITE BLACK,Veja
CAMPO J-MESH JUTE PIERRE,35-47,Veja,Unisex,Sneaker,120 €,JUTE PIERRE,Veja
CAMPO CANVAS WHITE STEEL,35-47,Veja,Unisex,Sneaker,120 €,WHITE STEEL,Veja
CAMPO CANVAS WHITE PETALE SARI,35-47,Veja,Unisex,Sneaker,120 €,PETALE SARI,Veja
FITZ ROY TREK-SHELL VEJA X BUFF® TERRA LIQUOR,35-47,Veja,Unisex,Sneaker,195 €,TERRA LIQUOR,Veja
FITZ ROY TREK-SHELL BASALTE BLACK,35-47,Veja,Unisex,Sneaker,179 €,BASALTE BLACK,Veja
FITZ ROY TREK-SHELL GRAVEL PIERRE ALMOND,35-47,Veja,Unisex,Sneaker,179 €,PIERRE ALMOND,Veja
FITZ ROY TREK-SHELL BLACK OXFORD GREY KAKI,35-47,Veja,Unisex,Sneaker,179 €,GREY KAKI,Veja
URCA CWL WHITE PIERRE PAROS,35-47,Veja,Unisex,Sneaker,150 €,PIERRE PAROS,Veja
URCA CWL WHITE PIERRE MARSALA,35-47,Veja,Unisex,Sneaker,150 €,PIERRE MARSALA,Veja
URCA CWL WHITE PIERRE KIWI,35-47,Veja,Unisex,Sneaker,150 €,PIERRE KIWI,Veja
URCA CWL WHITE NATURAL,35-47,Veja,Unisex,Sneaker,150 €,WHITE NATURAL,Veja
CONDOR 3 ADVANCED VEJA X CESAR VILLALBA AREIA CASHEW OURO,35-47,Veja,Unisex,Sneaker,190 €,CASHEW OURO,Veja
CONDOR 3 ADVANCED ENGINEERED-MESH FULL WHITE,35-47,Veja,Unisex,Sneaker,180 €,FULL WHITE,Veja
CONDOR 3 ADVANCED ENGINEERED-MESH FULL BLACK,35-47,Veja,Unisex,Sneaker,180 €,FULL BLACK,Veja
CONDOR 3 ADVANCED ENGINEERED-MESH GRADIENT PURPLE ORANGE,35-47,Veja,Unisex,Sneaker,180 €,PURPLE ORANGE,Veja
V-10 CWL WHITE BLACK,35-47,Veja,Unisex,Sneaker,150 €,WHITE BLACK,Veja
V-10 CWL FULL WHITE,35-47,Veja,Unisex,Sneaker,150 €,FULL WHITE,Veja
V-10 CWL WHITE NAUTICO PEKIN,35-47,Veja,Unisex,Sneaker,150 €,NAUTICO PEKIN,Veja
V-10 CWL WHITE ORCHID ULTRAVIOLET,35-47,Veja,Unisex,Sneaker,150 €,ORCHID ULTRAVIOLET,Veja
IMPALA ENGINEERED-MESH BLACK CREAM,35-47,Veja,Unisex,Sneaker,140 €,BLACK CREAM,Veja
IMPALA ENGINEERED-MESH PIERRE SILVER,35-47,Veja,Unisex,Sneaker,140 €,PIERRE SILVER,Veja
IMPALA ENGINEERED-MESH NATURAL COSMOS,35-47,Veja,Unisex,Sneaker,140 €,NATURAL COSMOS,Veja
IMPALA ENGINEERED-MESH FROST CREAM,35-47,Veja,Unisex,Sneaker,140 €,FROST CREAM,Veja
WATA II LOW CANVAS BLACK PIERRE,35-47,Veja,Unisex,Sneaker,125 €,BLACK PIERRE,Veja
WATA II LOW CANVAS CANYON PIERRE,35-47,Veja,Unisex,Sneaker,125 €,CANYON PIERRE,Veja
WATA II LOW CANVAS WHITE PIERRE,35-47,Veja,Unisex,Sneaker,125 €,WHITE PIERRE,Veja
WATA II LOW DENIM BLUE PIERRE NATURAL,35-47,Veja,Unisex,Sneaker,125 €,PIERRE NATURAL,Veja
FITZ ROY TREK-SHELL GRAVEL NAUTICO,35-47,Veja,Unisex,Sneaker,179 €,GRAVEL NAUTICO,Veja
FITZ ROY TREK-SHELL TERRA BLACK,35-47,Veja,Unisex,Sneaker,179 €,TERRA BLACK,Veja
FITZ ROY TREK-SHELL GRAVEL ICE,35-47,Veja,Unisex,Sneaker,179 €,GRAVEL ICE,Veja
FITZ ROY TREK-SHELL VEJA X SEA SHEPHERD FULL BLACK,35-47,Veja,Unisex,Sneaker,195 €,FULL BLACK,Veja
CAMPO CANVAS WHITE PIERRE,35-47,Veja,Unisex,Sneaker,120 €,WHITE PIERRE,Veja
CAMPO CANVAS WHITE EMERAUDE,35-47,Veja,Unisex,Sneaker,120 €,WHITE EMERAUDE,Veja
CAMPO CANVAS WHITE SWAN LAVANDE,35-47,Veja,Unisex,Sneaker,120 €,SWAN LAVANDE,Veja
CAMPO CANVAS WHITE PEKIN,35-47,Veja,Unisex,Sneaker,120 €,WHITE PEKIN,Veja
DEKKAN RIPSTOP KAKI BLACK,35-47,Veja,Unisex,Sneaker,175 €,KAKI BLACK,Veja
DEKKAN ALVEOMESH NATURAL PIERRE CALCAIRE,35-47,Veja,Unisex,Sneaker,175 €,PIERRE CALCAIRE,Veja
DEKKAN RIPSTOP BABE PIERRE,35-47,Veja,Unisex,Sneaker,175 €,BABE PIERRE,Veja
DEKKAN RIPSTOP KAKI PIERRE,35-47,Veja,Unisex,Sneaker,175 €,KAKI PIERRE,Veja
SDU ALVEOMESH WHITE BLACK NATURAL,35-47,Veja,Unisex,Sneaker,130 €,BLACK NATURAL,Veja
SDU B-MESH BLACK WHITE,35-47,Veja,Unisex,Sneaker,130 €,BLACK WHITE,Veja
SDU ALVEOMESH LIGHT GREY BUTTER,35-47,Veja,Unisex,Sneaker,130 €,GREY BUTTER,Veja
SDU J-MESH NATURAL PIERRE COSMOS,35-47,Veja,Unisex,Sneaker,130 €,PIERRE COSMOS,Veja
CONDOR 3 ENGINEERED-MESH LIGHT GREY BLACK GRADIENT,35-47,Veja,Unisex,Sneaker,180 €,BLACK GRADIENT,Veja
CONDOR 3 ENGINEERED-MESH GRADIENT CALCAIRE NAUTICO,35-47,Veja,Unisex,Sneaker,180 €,CALCAIRE NAUTICO,Veja
CONDOR 2 ALVEOMESH WHITE PIERRE,35-47,Veja,Unisex,Sneaker,165 €,WHITE PIERRE,Veja
CONDOR 3 ADVANCED VEJA X CESAR VILLALBA POKER CASHEW ABSINTHE,35-47,Veja,Unisex,Sneaker,190 €,CASHEW ABSINTHE,Veja
URCA CWL WHITE CAMEL,35-47,Veja,Unisex,Sneaker,150 €,WHITE CAMEL,Veja
URCA CWL WHITE LEAF CYPRUS,35-47,Veja,Unisex,Sneaker,150 €,LEAF CYPRUS,Veja
URCA CWL WHITE PEKIN NAUTICO,35-47,Veja,Unisex,Sneaker,150 €,PEKIN NAUTICO,Veja
URCA CWL WHITE NAUTICO,35-47,Veja,Unisex,Sneaker,150 €,WHITE NAUTICO,Veja
WATA II CANVAS BUTTER WHITE BUTTER SOLE,35-47,Veja,Unisex,Sneaker,135 €,BUTTER SOLE,Veja
WATA II CANVAS BLACK PIERRE,35-47,Veja,Unisex,Sneaker,135 €,BLACK PIERRE,Veja
WATA II CANVAS GALAXY PIERRE,35-47,Veja,Unisex,Sneaker,135 €,GALAXY PIERRE,Veja
WATA II CANVAS OASIS PIERRE,35-47,Veja,Unisex,Sneaker,135 €,OASIS PIERRE,Veja
DEKKAN ALVEOMESH BLACK OXFORD GREY TONIC,35-47,Veja,Unisex,Sneaker,175 €,GREY TONIC,Veja
DEKKAN ALVEOMESH TENT PIERRE PURPLE,35-47,Veja,Unisex,Sneaker,175 €,PIERRE PURPLE,Veja
DEKKAN ALVEOMESH GRAVEL NAUTICO,35-47,Veja,Unisex,Sneaker,175 €,GRAVEL NAUTICO,Veja
DEKKAN ALVEOMESH GRAFITE PIERRE,35-47,Veja,Unisex,Sneaker,175 €,GRAFITE PIERRE,Veja
V-12 VEGAN B-MESH OLIVE WHITE,35-47,Veja,Unisex,Sneaker,140 €,OLIVE WHITE,Veja
V-12 ALVEOMESH NATURAL WHITE,35-47,Veja,Unisex,Sneaker,140 €,NATURAL WHITE,Veja
V-12 VEGAN B-MESH TENT WHITE,35-47,Veja,Unisex,Sneaker,140 €,TENT WHITE,Veja
V-12 VEGAN ALVEOMESH DUNE WHITE,35-47,Veja,Unisex,Sneaker,140 €,DUNE WHITE,Veja
VENTURI CWL FULL BLACK,35-47,Veja,Unisex,Sneaker,175 €,FULL BLACK,Veja
DEKKAN ALVEOMESH GRAVEL ICE,35-47,Veja,Unisex,Sneaker,175 €,GRAVEL ICE,Veja
DEKKAN ALVEOMESH TENT BLACK OURO,35-47,Veja,Unisex,Sneaker,175 €,BLACK OURO,Veja
DEKKAN ALVEOMESH DUNE BLACK,35-47,Veja,Unisex,Sneaker,175 €,DUNE BLACK,Veja
IMPALA ENGINEERED-MESH EGGSHELL PIERRE,35-47,Veja,Unisex,Sneaker,140 €,EGGSHELL PIERRE,Veja
IMPALA ENGINEERED MESH PARME SABLE,35-47,Veja,Unisex,Sneaker,140 €,PARME SABLE,Veja
IMPALA ENGINEERED-MESH FULL BLACK,35-47,Veja,Unisex,Sneaker,140 €,FULL BLACK,Veja
IMPALA ENGINEERED-MESH EGGSHELL MATCHA,35-47,Veja,Unisex,Sneaker,140 €,EGGSHELL MATCHA,Veja
SDU ALVEOMESH WHITE PLATINE,35-47,Veja,Unisex,Sneaker,130 €,WHITE PLATINE,Veja
SDU ALVEOMESH LIGHT GREY BLACK,35-47,Veja,Unisex,Sneaker,130 €,GREY BLACK,Veja
SDU ALVEOMESH NAUTICO PIERRE,35-47,Veja,Unisex,Sneaker,130 €,NAUTICO PIERRE,Veja
SDU FLANNEL SNOW NAUTICO,35-47,Veja,Unisex,Sneaker,130 €,SNOW NAUTICO,Veja
CONDOR 3 ENGINEERED-MESH WHITE BLACK,35-47,Veja,Unisex,Sneaker,180 €,WHITE BLACK,Veja
CONDOR 2 ALVEOMESH NATURAL BABE JAUNE FLUO,35-47,Veja,Unisex,Sneaker,165 €,JAUNE FLUO,Veja
CONDOR 2 ALVEOMESH BLACK PIERRE,35-47,Veja,Unisex,Sneaker,165 €,BLACK PIERRE,Veja
IMPALA ENGINEERED-MESH NATURAL PEACH,35-47,Veja,Unisex,Sneaker,140 €,NATURAL PEACH,Veja
FITZ ROY TREK-SHELL BASALTE BLACK CELESTE,35-47,Veja,Unisex,Sneaker,179 €,BLACK CELESTE,Veja
FITZ ROY TREK-SHELL SHARK ALMOND,35-47,Veja,Unisex,Sneaker,179 €,SHARK ALMOND,Veja
FITZ ROY TREK-SHELL BLACK GRAFITE DUNE,35-47,Veja,Unisex,Sneaker,179 €,GRAFITE DUNE,Veja
FITZ ROY TREK-SHELL GRAVEL PIERRE,35-47,Veja,Unisex,Sneaker,179 €,GRAVEL PIERRE,Veja
WATA II LOW RIPSTOP NAUTICO PIERRE,35-47,Veja,Unisex,Sneaker,125 €,NAUTICO PIERRE,Veja
WATA II LOW RIPSTOP KAKI PIERRE,35-47,Veja,Unisex,Sneaker,125 €,KAKI PIERRE,Veja
WATA II LOW CANVAS PIERRE WHITE,35-47,Veja,Unisex,Sneaker,125 €,PIERRE WHITE,Veja
WATA II LOW CANVAS AQUA PIERRE,35-47,Veja,Unisex,Sneaker,125 €,AQUA PIERRE,Veja
URCA CWL WHITE BUTTER,35-47,Veja,Unisex,Sneaker,150 €,WHITE BUTTER,Veja
URCA CWL WHITE AQUA,35-47,Veja,Unisex,Sneaker,150 €,WHITE AQUA,Veja
URCA CWL WHITE FURY,35-47,Veja,Unisex,Sneaker,150 €,WHITE FURY,Veja
URCA CWL WHITE MARSALA BLACK,35-47,Veja,Unisex,Sneaker,150 €,MARSALA BLACK,Veja
DEKKAN ALVEOMESH NATURAL PIERRE,35-47,Veja,Unisex,Sneaker,175 €,NATURAL PIERRE,Veja
DEKKAN ALVEOMESH KAKI BLACK,35-47,Veja,Unisex,Sneaker,175 €,KAKI BLACK,Veja
DEKKAN ALVEOMESH BLACK KAKI EAGLE,35-47,Veja,Unisex,Sneaker,175 €,KAKI EAGLE,Veja
DEKKAN ALVEOMESH PURPLE BLACK,35-47,Veja,Unisex,Sneaker,175 €,PURPLE BLACK,Veja
SDU J-MESH JUTA ICE,35-47,Veja,Unisex,Sneaker,130 €,JUTA ICE,Veja
SDU J-MESH NATURAL PLATINE,35-47,Veja,Unisex,Sneaker,130 €,NATURAL PLATINE,Veja
SDU FLANNEL DARK WHITE,35-47,Veja,Unisex,Sneaker,130 €,DARK WHITE,Veja
VEJA X ÉTUDES SHARK,35-47,Veja,Unisex,Sneaker,255 €,ÉTUDES SHARK,Veja
WATA II LOW CANVAS POKER PIERRE,35-47,Veja,Unisex,Sneaker,125 €,POKER PIERRE,Veja
WATA II LOW CANVAS PAROS PIERRE,35-47,Veja,Unisex,Sneaker,125 €,PAROS PIERRE,Veja
WATA II RIPSTOP NAUTICO PIERRE,35-47,Veja,Unisex,Sneaker,135 €,NAUTICO PIERRE,Veja
WATA II RIPSTOP TENT PIERRE,35-47,Veja,Unisex,Sneaker,135 €,TENT PIERRE,Veja
IMPALA ENGINEERED-MESH GLAZE PARME,35-47,Veja,Unisex,Sneaker,140 €,GLAZE PARME,Veja
IMPALA ENGINEERED-MESH SAGE BABE,35-47,Veja,Unisex,Sneaker,140 €,SAGE BABE,Veja
IMPALA ENGINEERED-MESH NATURAL BLACK,35-47,Veja,Unisex,Sneaker,140 €,NATURAL BLACK,Veja
IMPALA ENGINEERED-MESH GLAZE CREMA,35-47,Veja,Unisex,Sneaker,140 €,GLAZE CREMA,Veja
FITZ ROY TREK-SHELL FULL BLACK,35-47,Veja,Unisex,Sneaker,179 €,FULL BLACK,Veja
FITZ ROY TREK-SHELL PIERRE SILVER,35-47,Veja,Unisex,Sneaker,179 €,PIERRE SILVER,Veja
FITZ ROY ALVEOMESH VEJA X P.ANDRADE MULTICO GRAFITE,35-47,Veja,Unisex,Sneaker,250 €,MULTICO GRAFITE,Veja
FITZ ROY TREK-SHELL GRAVEL WHITE,35-47,Veja,Unisex,Sneaker,179 €,GRAVEL WHITE,Veja
URCA CWL WHITE SILVER,35-47,Veja,Unisex,Sneaker,150 €,WHITE SILVER,Veja
URCA CWL BLACK WHITE,35-47,Veja,Unisex,Sneaker,150 €,BLACK WHITE,Veja
URCA CWL WHITE EMERAUDE,35-47,Veja,Unisex,Sneaker,150 €,WHITE EMERAUDE,Veja
URCA CWL WHITE MARSALA ROSE FLUO,35-47,Veja,Unisex,Sneaker,150 €,ROSE FLUO,Veja
DEKKAN ALVEOMESH GRAFITE EAGLE,35-47,Veja,Unisex,Sneaker,175 €,GRAFITE EAGLE,Veja
DEKKAN ALVEOMESH NATURAL PARME,35-47,Veja,Unisex,Sneaker,175 €,NATURAL PARME,Veja
DEKKAN ALVEOMESH EAGLE LIGHT GREY,35-47,Veja,Unisex,Sneaker,175 €,LIGHT GREY,Veja
DEKKAN ALVEOMESH EAGLE CALCAIRE,35-47,Veja,Unisex,Sneaker,175 €,EAGLE CALCAIRE,Veja
V-10 CWL WHITE PETALE,35-47,Veja,Unisex,Sneaker,150 €,WHITE PETALE,Veja
V-10 CWL FULL BLACK,35-47,Veja,Unisex,Sneaker,150 €,FULL BLACK,Veja
WATA II LOW CANVAS PUMPKIN PIERRE,35-47,Veja,Unisex,Sneaker,125 €,PUMPKIN PIERRE,Veja
FITZ ROY ALVEOMESH ARDOISE BLACK CALIFORNIA,35-47,Veja,Unisex,Sneaker,179 €,BLACK CALIFORNIA,Veja
FITZ ROY ALVEOMESH FULL BLACK,35-47,Veja,Unisex,Sneaker,179 €,FULL BLACK,Veja
