Nome_Prodotto,Categoria,Prezzo,Link,Taglia,Genere,Colore,Brand
Track Sole Vegan Suede Loafers,Scarpe - Mocassini,$109,https://www.wills-vegan-store.com/products/track-sole-loafers,36 - 42,F,Tan vegan suede,Will's Vegan Store
Wide Fit Oxford Brogues,Scarpe - Mocassini,$127,https://www.wills-vegan-store.com/products/wide-fit-oxford-brogues-womens,36 - 42,F,Tan,Will's Vegan Store
Track Sole Mary Janes,Scarpe - Mocassini,$127,https://www.wills-vegan-store.com/products/track-sole-mary-janes,36 - 42,F,Black,Will's Vegan Store
Square Toe Ballet Flats,Scarpe - Mocassini,$119,https://www.wills-vegan-store.com/products/square-toe-ballet-flats,36 - 42,F,Black,Will's Vegan Store
Track Sole Loafers,Scarpe - Mocassini,$114,https://www.wills-vegan-store.com/products/track-sole-loafers-womens,36 - 42,F,Black - Sand,Will's Vegan Store
Vegan Suede Loafers,Scarpe - Mocassini,$104,https://www.wills-vegan-store.com/products/vegan-suede-loafers,36 - 42,F,Mocha vegan suede,Will's Vegan Store
Track Sole Penny Loafers,Scarpe - Mocassini,$114,https://www.wills-vegan-store.com/products/track-sole-penny-loafers,36 - 42,F,Patent black - Tan vegan suede,Will's Vegan Store
Track Sole Fringe Loafers,Scarpe - Mocassini,$114,https://www.wills-vegan-store.com/products/track-sole-fringe-loafers,36 - 42,F,Black,Will's Vegan Store
Oxford Brogues,Scarpe - Mocassini,$118,https://www.wills-vegan-store.com/products/vegan-oxford-brogues-womens,36 - 42,F,Tan - Patent black -  Black - Dark brown - Navy blue,Will's Vegan Store
Smart Derbys,Scarpe - Mocassini,$124,https://www.wills-vegan-store.com/products/vegan-smart-derbys-womens,36 - 42,F,Black,Will's Vegan Store
Mock Croc Monk Straps,Scarpe - Mocassini,$110,https://www.wills-vegan-store.com/products/vegan-mock-croc-monk-straps-womens,36 - 42,F,Moc croc vegan leather,Will's Vegan Store
Ribbon Loafers,Scarpe - Mocassini,$112,https://www.wills-vegan-store.com/products/vegan-ribbon-loafers-womens,36 - 42,F,Black,Will's Vegan Store
The Derby,Scarpe - Mocassini,$110,https://www.wills-vegan-store.com/products/vegan-the-derby-womens,36 - 42,F,Black - Tan - Patent black,Will's Vegan Store
Slip-on Loafers,Scarpe - Mocassini,$59,https://www.wills-vegan-store.com/products/vegan-slip-on-loafers-womens,36 - 42,F,Frost Jaquard - Black Vegan Suede - Spring Jaquard,Will's Vegan Store
Flatform Brogues,Scarpe - Mocassini,$59,https://www.wills-vegan-store.com/products/vegan-flatform-brogues-womens,36 - 42,F,Patent black - Brown - Wine,Will's Vegan Store
Point Flats,Scarpe - Mocassini,$99,https://www.wills-vegan-store.com/products/vegan-point-flats-womens,36 - 42,F,Black -Pink vegan suede - Stone vegan suede,Will's Vegan Store
Point Toe Derbys,Scarpe - Mocassini,$59,https://www.wills-vegan-store.com/products/vegan-point-toe-derbys-womens,36 - 42,F,Tan - Black Vegan Suede - Black - Brown Vegan Suede - Pink Vegan Suede,Will's Vegan Store
Loafers,Scarpe - Mocassini,$89,https://www.wills-vegan-store.com/products/vegan-loafers-womens,36 - 42,F,Blue vegan suede - Pink,Will's Vegan Store
Ballerina Flats,Scarpe - Mocassini,$94,https://www.wills-vegan-store.com/products/vegan-ballerina-flats-womens,36 - 42,F,Sand - Black - Red,Will's Vegan Store
Point Toe Flats,Scarpe - Mocassini,$110,https://www.wills-vegan-store.com/products/vegan-point-toe-flats-womens,36 - 42,F,Black,Will's Vegan Store
Luxe Derbys,Scarpe - Mocassini,$79,https://www.wills-vegan-store.com/products/vegan-luxe-derbys-womens,36 - 42,F,Black,Will's Vegan Store
Slingbacks,Scarpe - Mocassini,$73,https://www.wills-vegan-store.com/products/vegan-slingbacks-womens,36 - 42,F,Stone vegan Suede - Black vegan suede,Will's Vegan Store
Open Heel Slippers,Scarpe - Mocassini,$59,https://www.wills-vegan-store.com/products/vegan-open-heel-slippers-womens,36 - 42,F,Black,Will's Vegan Store
Slingback Loafers,Scarpe - Mocassini,$70,https://www.wills-vegan-store.com/products/vegan-slingback-loafers-womens,36 - 42,F,Dark brown vegan suede,Will's Vegan Store
Tassle Loafers,Scarpe - Mocassini,$59,https://www.wills-vegan-store.com/products/vegan-tassle-loafers-womens,36 - 42,F,Silver - Black vegan suede,Will's Vegan Store
Flatform Slipons,Scarpe - Mocassini,$58,https://www.wills-vegan-store.com/products/vegan-flatform-slipons-womens,36 - 42,F,Black,Will's Vegan Store
Flatform Laceups,Scarpe - Mocassini,$59,https://www.wills-vegan-store.com/products/vegan-flatform-laceups-womens,36 - 42,F,Sand - black,Will's Vegan Store
Track Sole Brogues,Scarpe - Mocassini,$106,https://www.wills-vegan-store.com/products/track-sole-brogues-womens,36 - 42,F,Black,Will's Vegan Store
Slingback Flats,Scarpe - Mocassini,$78,https://www.wills-vegan-store.com/products/vegan-slingback-flats-womens,36 - 42,F,Dark blue - Black vegan suede,Will's Vegan Store
Rangers,Stivali,$134,https://www.wills-vegan-store.com/products/vegan-rangers-womens,36 - 42,F,Black - Dark brown,Will's Vegan Store
Lace Up Track Sole Booties,Stivali,$131,https://www.wills-vegan-store.com/products/lace-up-track-sole-booties,36 - 42,F,Black,Will's Vegan Store
Wide Fit Work Boots,Stivali,$133,https://www.wills-vegan-store.com/products/wide-fit-work-boots-womens,36 - 42,F,Black,Will's Vegan Store
Wide Fit Luxe Deep Tread Chelsea Boots,Stivali,$133,https://www.wills-vegan-store.com/products/wide-fit-luxe-deep-tread-chelsea-boots-womens,36 - 42,F,Black,Will's Vegan Store
Track Sole 8-Eye Lace Up Boots,Stivali,$131,https://www.wills-vegan-store.com/products/track-sole-8-eye-lace-up-boots,36 - 42,F,Black,Will's Vegan Store
Luxe Smart Chelsea Boots,Stivali,$122,https://www.wills-vegan-store.com/products/vegan-luxe-smart-chelsea-boots-womens,36 - 42,F,Black - Chestnut - Dark brown,Will's Vegan Store
WVSport Waterproof Hiking Boots,Stivali,$158,https://www.wills-vegan-store.com/products/vegan-waterproof-hiking-boots-womens-wvsport,36 - 42,F,Black - Dark blue - Dark brown,Will's Vegan Store
WVSport Montreux Trek Boots,Stivali,$139,https://www.wills-vegan-store.com/products/wvsport-montreux-trek-boots-womens,36 - 42,F,Gray,Will's Vegan Store
Luxe Deep Tread Chelsea Boots,Stivali,$122,https://www.wills-vegan-store.com/products/vegan-luxe-deep-tread-chelsea-boots-womens,36 - 42,F,Black - Chestnut - Dark brown,Will's Vegan Store
Work Boots,Stivali,$122,https://www.wills-vegan-store.com/products/vegan-work-boots-womens,36 - 42,F,Chestnut - Black - Tan - Dark brown,Will's Vegan Store
Insulated Waterproof Chelsea Boots,Stivali,$184,https://www.wills-vegan-store.com/products/vegan-insulated-waterproof-chelsea-boots-womens,36 - 42,F,Black - Chestnut,Will's Vegan Store
Knee High Boots,Stivali,$134,https://www.wills-vegan-store.com/products/vegan-knee-high-boots-womens,36 - 42,F,Black - Dark brown,Will's Vegan Store
Over the Knee Boots,Stivali,$190,https://www.wills-vegan-store.com/products/over-the-knee-boots,36 - 42,F,Black,Will's Vegan Store
Dock Boots,Stivali,$114,https://www.wills-vegan-store.com/products/vegan-dock-boots-womens,36 - 42,F,Black - Chestnut - Tan vegan suede - Grey vegan suede - Dark blue vegan suede,Will's Vegan Store
WVSport X-Terrain Navigators,Stivali,$139,https://www.wills-vegan-store.com/products/wvsport-x-terrain-navigators-womens,36 - 42,F,Dark brown vegan suede - Powder blue vegan suede,Will's Vegan Store
WVSport Corvara Trek Boots,Stivali,$139,https://www.wills-vegan-store.com/products/wvsport-corvara-trek-boots-womens,36 - 42,F,Black,Will's Vegan Store
Insulated Dock Boots,Stivali,$132,https://www.wills-vegan-store.com/products/vegan-insulated-dock-boots-womens,36 - 42,F,Dark brown,Will's Vegan Store
Point Toe Chelsea Boots,Stivali,$128,https://www.wills-vegan-store.com/products/vegan-point-toe-chelsea-boots-womens,36 - 42,F,Chestnut - Black - Grey vegan suede,Will's Vegan Store
Aviator 2 Boots,Stivali,$134,https://www.wills-vegan-store.com/products/vegan-aviator-2-boots-womens,36 - 42,F,Black - Brown vegan suede,Will's Vegan Store
Continental Chelsea Boots,Stivali,$122,https://www.wills-vegan-store.com/products/vegan-continental-chelsea-boots-womens,36 - 42,F,Black - Dark brown,Will's Vegan Store
WVSport Snow Boots,Stivali,$168,https://www.wills-vegan-store.com/products/vegan-snow-boots-womens-wvsport,36 - 42,F,Dark blue vegan suede - dark brown vegan suede - Black vegan suede,Will's Vegan Store
Waterproof Chelsea Boots,Stivali,$168,https://www.wills-vegan-store.com/products/vegan-waterproof-chelsea-boots-womens,36 - 42,F,Black,Will's Vegan Store
Track Sole Booties,Stivali,$121,https://www.wills-vegan-store.com/products/vegan-track-sole-booties-womens,36 - 42,F,Black,Will's Vegan Store
Smart Chelsea Boots,Stivali,$114,https://www.wills-vegan-store.com/products/vegan-smart-chelsea-boots-womens,36 - 42,F,Black,Will's Vegan Store
Heeled Knee High Boots,Stivali,$140,https://www.wills-vegan-store.com/products/vegan-heeled-knee-high-boots-womens,36 - 42,F,Gray - Black,Will's Vegan Store
Biker Boots,Stivali,$128,https://www.wills-vegan-store.com/products/vegan-biker-boots-womens,36 - 42,F,Black - Tan,Will's Vegan Store
Western Boots,Stivali,$114,https://www.wills-vegan-store.com/products/vegan-western-boots-womens,36 - 42,F,Black,Will's Vegan Store
Low Ankle Booties,Stivali,$112,https://www.wills-vegan-store.com/products/vegan-low-ankle-booties-womens,36 - 42,F,Gray vegan suede - Dark brown vegan suede - Black,Will's Vegan Store
Almond Toe Chelsea Boots,Stivali,$128,https://www.wills-vegan-store.com/products/vegan-almond-toe-chelsea-boots-womens,36 - 42,F,Black - Blue,Will's Vegan Store
Buckled Work Boots,Stivali,$122,https://www.wills-vegan-store.com/products/vegan-buckled-work-boots-womens,36 - 42,F,Black,Will's Vegan Store
WVSport Country Boots,Stivali,$133,https://www.wills-vegan-store.com/products/vegan-country-boots-womens-wvsport,36 - 42,F,Black,Will's Vegan Store
WVSport Insulated Waterproof Hiking Boots,Stivali,$168,https://www.wills-vegan-store.com/products/vegan-wvsport-insulated-waterproof-hiking-boots-womens,36 - 42,F,Black,Will's Vegan Store
WVSport Sequoia Edition Waterproof Hiking Boots,Stivali,$148,https://www.wills-vegan-store.com/products/vegan-sequoia-edition-waterproof-hiking-boots-womens-wvsport,36 - 42,F,Black,Will's Vegan Store
Luxe Insulated Deep Tread Chelsea Boots,Stivali,$130,https://www.wills-vegan-store.com/products/vegan-luxe-insulated-deep-tread-chelsea-boots-womens,36 - 42,F,Black,Will's Vegan Store
4 Strap Biker Boots,Stivali,$124,https://www.wills-vegan-store.com/products/vegan-4-strap-biker-boots-womens,36 - 42,F,Black - Chestnut - Dark brown,Will's Vegan Store
Deep Tread Chelsea Boots,Stivali,$91,https://www.wills-vegan-store.com/products/vegan-deep-tread-chelsea-boots-womens,36 - 42,F,Black,Will's Vegan Store
Goodyear Welt Tactical Boots,Stivali,$194,https://www.wills-vegan-store.com/products/vegan-goodyear-tactical-boots-womens,36 - 42,F,Black,Will's Vegan Store
Quarter Length Boots,Stivali,$114,https://www.wills-vegan-store.com/products/vegan-quarter-length-boots-womens,36 - 42,F,Black - Chestnut,Will's Vegan Store
WVSport Safety Work Boots S3 SRC,Stivali,$152,https://www.wills-vegan-store.com/products/vegan-safety-work-boots-s3-src-womens-wvsport,36 - 42,F,Black,Will's Vegan Store
Luxe Track Sole Chelsea Boots,Stivali,$122,https://www.wills-vegan-store.com/products/luxe-track-sole-chelsea-boots-womens,36 - 42,F,Black,Will's Vegan Store
Sneaker Boots,Stivali,$114,https://www.wills-vegan-store.com/products/vegan-sneaker-boots-womens,36 - 42,F,Black,Will's Vegan Store
Signature Deserts,Stivali,$79,https://www.wills-vegan-store.com/products/vegan-signature-deserts-womens,36 - 42,F,Black,Will's Vegan Store
Brogue Boots,Stivali,$116,https://www.wills-vegan-store.com/products/vegan-brogue-boots-womens,36 - 42,F,Black,Will's Vegan Store
Mid-Length Moto Boots,Stivali,$114,https://www.wills-vegan-store.com/products/vegan-mid-length-moto-boots-womens,36 - 42,F,Black,Will's Vegan Store
Luxe Insulated Smart Chelsea Boots,Stivali,$140,https://www.wills-vegan-store.com/products/vegan-luxe-insulated-smart-chelsea-boots-womens,36 - 42,F,Black,Will's Vegan Store
WVSport Insulated Country Boots,Stivali,$154,https://www.wills-vegan-store.com/products/vegan-wvsport-insulated-waterproof-country-boots-womens,36 - 42,F,Black,Will's Vegan Store
Slip-On Booties,Stivali,$124,https://www.wills-vegan-store.com/products/vegan-slip-on-booties-womens,36 - 42,F,Black vegan suede,Will's Vegan Store
WVSport Walking Trainers,Stivali,$99,https://www.wills-vegan-store.com/products/vegan-walking-trainers-womens-wvsport,36 - 42,F,Black vegan suede,Will's Vegan Store
Point Toe Boots,Stivali,$128,https://www.wills-vegan-store.com/products/vegan-point-toe-boots-womens,36 - 42,F,Black,Will's Vegan Store
Riding Boots,Stivali,$122,https://www.wills-vegan-store.com/products/vegan-riding-boots-womens,36 - 42,F,Dark brown - Chestnut,Will's Vegan Store
WVSport Waterproof Urban Boots,Stivali,$140,https://www.wills-vegan-store.com/products/vegan-waterproof-urban-boots-womens-wvsport,36 - 42,F,Black,Will's Vegan Store
Deep Tread Knee Length Boots,Stivali,$122,https://www.wills-vegan-store.com/products/vegan-deep-tread-knee-length-boots-womens,36 - 42,F,Dark brown - Black,Will's Vegan Store
Insulated Work Boots,Stivali,$130,https://www.wills-vegan-store.com/products/vegan-insulated-work-boots-womens,36 - 42,F,Chestnut,Will's Vegan Store
Track Sole 10 Eye Boots,Stivali,$128,https://www.wills-vegan-store.com/products/track-sole-10-eye-boots-womens,36 - 42,F,Black,Will's Vegan Store
WVSport Waterproof Hiking Shoes,Stivali,$124,https://www.wills-vegan-store.com/products/vegan-waterproof-hiking-shoes-womens-wvsport,36 - 42,F,Black,Will's Vegan Store
Insulated Biker Boots,Stivali,$136,https://www.wills-vegan-store.com/products/vegan-insulated-biker-boots-womens,36 - 42,F,Black,Will's Vegan Store
Low Dock Boots,Stivali,$96,https://www.wills-vegan-store.com/products/vegan-low-dock-boots-womens,36 - 42,F,Black - Dark brown vegan suede - Gray vegan suede,Will's Vegan Store
WVSport Insulated Waterproof Alpine Trail Hiking Boots,Stivali,$186,https://www.wills-vegan-store.com/products/wvsport-insulated-waterproof-alpine-trail-hiking-boots-womens,36 - 42,F,Chestnut,Will's Vegan Store
Track Sole Chelsea Mid-Height Boots,Stivali,$127,https://www.wills-vegan-store.com/products/track-sole-chelsea-mid-height-boots,36 - 42,F,Black,Will's Vegan Store
Brogue Booties,Stivali,$114,https://www.wills-vegan-store.com/products/vegan-brogue-booties-womens,36 - 42,F,Black vegan suede - Dark brown vegan suede,Will's Vegan Store
Insulated Dock Boots Mk2,Stivali,$140,https://www.wills-vegan-store.com/products/insulated-dock-boots-mk2,36 - 42,F,Chestnut,Will's Vegan Store
WVSport Cross Trail Boots,Stivali,$140,https://www.wills-vegan-store.com/products/vegan-cross-trail-boots-womens-wvsport,36 - 42,F,Gray,Will's Vegan Store
Goodyear Welt Chelsea Boots,Stivali,$186,https://www.wills-vegan-store.com/products/vegan-goodyear-chelsea-boots-womens,36 - 42,F,Black,Will's Vegan Store
WVSport Quilted Snow Boots,Stivali,$168,https://www.wills-vegan-store.com/products/wvsport-quilted-snow-boots,36 - 42,F,Black,Will's Vegan Store
WVSport Waterproof Walking Boots,Stivali,$148,https://www.wills-vegan-store.com/products/vegan-waterproof-walking-boots-womens-wvsport,36 - 42,F,Gray,Will's Vegan Store
Goodyear Welt 14 Eye Boots,Stivali,$194,https://www.wills-vegan-store.com/products/goodyear-welt-14-eye-boots,36 - 42,F,Black,Will's Vegan Store
Ankle Boots,Stivali,$114,https://www.wills-vegan-store.com/products/vegan-ankle-boots-womens,36 - 42,F,Snake print,Will's Vegan Store
Recycled Vegan Shearling Boots,Stivali,$145,https://www.wills-vegan-store.com/products/recycled-vegan-shearling-boots,36 - 42,F,Black,Will's Vegan Store
Lace-Up Vegan Suede High Boots,Stivali,$188,https://www.wills-vegan-store.com/products/lace-up-vegan-suede-high-boots,36 - 42,F,Black,Will's Vegan Store
Classic High-Top Sneakers,Stivali,$84,https://www.wills-vegan-store.com/products/vegan-classic-high-top-sneakers-womens,36 - 42,F,White,Will's Vegan Store
NY Sneakers,Sneakers & Trainers,$106,https://www.wills-vegan-store.com/products/vegan-ny-sneakers-womens,35 - 43,F,White - Black,Will's Vegan Store
Vegan Suede Sneakers,Sneakers & Trainers,$104,https://www.wills-vegan-store.com/products/vegan-suede-sneakers-womens,35 - 43,F,Dark blue vegan suede - Gray vegan suede - Wine vegan suede - Olive vegan suede,Will's Vegan Store
LDN Biodegradable Sneakers,Sneakers & Trainers,$79,https://www.wills-vegan-store.com/products/vegan-ldn-biodegradable-sneakers-womens,35 - 43,F,White knit - Gray knit - Black knit,Will's Vegan Store
WVSport Road Running Trainers,Sneakers & Trainers,$119,https://www.wills-vegan-store.com/products/wvsport-road-running-trainers-womens,35 - 43,F,Black,Will's Vegan Store
WVSport Trail Running Trainers,Sneakers & Trainers,$119,https://www.wills-vegan-store.com/products/wvsport-trail-running-trainers-womens,35 - 43,F,Black,Will's Vegan Store
WVSport X-Terrain Navigators,Sneakers & Trainers,$139,https://www.wills-vegan-store.com/products/wvsport-x-terrain-navigators-womens,35 - 43,F,Black,Will's Vegan Store
Chicago Low Tops,Sneakers & Trainers,$118,https://www.wills-vegan-store.com/products/vegan-chicago-low-tops-womens,35 - 43,F,White - Black,Will's Vegan Store
WVSport Oakes Cross Running Trainers,Sneakers & Trainers,$99,https://www.wills-vegan-store.com/products/vegan-oakes-cross-running-trainers-womens-wvsport,35 - 43,F,Black edition - Black,Will's Vegan Store
Munich 2 Sneakers,Sneakers & Trainers,$112,https://www.wills-vegan-store.com/products/vegan-munich-2-sneakers-womens,35 - 43,F,White,Will's Vegan Store
WVSport Recycled Freedom Trainers,Sneakers & Trainers,$67,https://www.wills-vegan-store.com/products/vegan-freedom-trainers-womens-wvsport,35 - 43,F,Black mesh knit - Gray mesh knit - White mesh knit,Will's Vegan Store
Biodegradable NY Sneakers,Sneakers & Trainers,$108,https://www.wills-vegan-store.com/products/biodegradable-ny-sneakers-womens,35 - 43,F,White knit - Black knit,Will's Vegan Store
Sneaker Boots,Sneakers & Trainers,$114,https://www.wills-vegan-store.com/products/vegan-sneaker-boots-womens,35 - 43,F,Black,Will's Vegan Store
Rio Trainers,Sneakers & Trainers,$89,https://www.wills-vegan-store.com/products/vegan-rio-trainers-womens,35 - 43,F,White & Pink - White & Blue - White & Cream,Will's Vegan Store
Chicago High-Tops,Sneakers & Trainers,$89,https://www.wills-vegan-store.com/products/vegan-chicago-high-tops-womens,35 - 43,F,White - Black,Will's Vegan Store
Smart Sneakers,Sneakers & Trainers,$104,https://www.wills-vegan-store.com/products/vegan-smart-sneakers-womens,35 - 43,F,Black - Tan,Will's Vegan Store
Berlin Trainers,Sneakers & Trainers,$73,https://www.wills-vegan-store.com/products/vegan-berlin-trainers-womens,35 - 43,F,White,Will's Vegan Store
WVSport Colorado Trail Runners,Sneakers & Trainers,$111,https://www.wills-vegan-store.com/products/wvsport-colorado-trail-runners-mk1,35 - 43,F,Azure - Teal,Will's Vegan Store
NY Slip-On Sneakers,Sneakers & Trainers,$88,https://www.wills-vegan-store.com/products/vegan-ny-slip-on-sneakers-womens,35 - 43,F,White,Will's Vegan Store
Recycled Espadrille Cross Over Straps,Sandali,$56,https://www.wills-vegan-store.com/products/vegan-recycled-espadrille-cross-over-straps-womens,36 - 42,F,Marine canvas - Beige canvas - Tan canvas,Will's Vegan Store
Recycled Espadrille Sandals,Sandali,$56,https://www.wills-vegan-store.com/products/vegan-recycled-espadrille-sandals-womens,36 - 42,F,Black canvas - Dusty pink canvas,Will's Vegan Store
Recycled Espadrille Loafers,Sandali,$56,https://www.wills-vegan-store.com/products/vegan-recycled-espadrille-loafers-womens,36 - 42,F,Beige canvas - Black canvas,Will's Vegan Store
Recycled Espadrille Slingbacks,Sandali,$56,https://www.wills-vegan-store.com/products/vegan-recycled-espadrille-slingbacks-womens,36 - 42,F,Dark blue canvas,Will's Vegan Store
Footbed Sandals,Sandali,$104,https://www.wills-vegan-store.com/products/vegan-footbed-sandals-womens,36 - 42,F,Black - Tan,Will's Vegan Store
Huarache Footbed Sandals,Sandali,$104,https://www.wills-vegan-store.com/products/vegan-huarache-footbed-sandals-womens,36 - 42,F,Black - Tan,Will's Vegan Store
Single Strap Footbed Sandals,Sandali,$59,https://www.wills-vegan-store.com/products/vegan-single-strap-footbed-sandals-womens,36 - 42,F,Dark blue vegan suede - Green vegan suede,Will's Vegan Store
City Sandals,Sandali,$106,https://www.wills-vegan-store.com/products/vegan-city-sandals-womens,36 - 42,F,Tan - Sand,Will's Vegan Store
Huaraches,Sandali,$59,https://www.wills-vegan-store.com/products/vegan-huaraches-womens,36 - 42,F,Dark brown,Will's Vegan Store
Two Strap Footbed Sandals,Sandali,$104,https://www.wills-vegan-store.com/products/vegan-two-strap-footbed-sandals-womens,36 - 42,F,Black - Chestnut,Will's Vegan Store
Slides,Sandali,$59,https://www.wills-vegan-store.com/products/vegan-slides-womens,36 - 42,F,Wine - Blue,Will's Vegan Store
Two Strap Sandals,Sandali,$59,https://www.wills-vegan-store.com/products/vegan-two-strap-sandals-womens,36 - 42,F,Black - Brown,Will's Vegan Store
Sandals,Sandali,$118,https://www.wills-vegan-store.com/products/vegan-sandals-womens,36 - 42,F,Black,Will's Vegan Store
Clog Footbed Sandals,Sandali,$79,https://www.wills-vegan-store.com/products/vegan-clog-footbed-sandals-womens,36 - 42,F,Chestnut - Black vegan suede,Will's Vegan Store
Two Strap Toe Peg Sandals,Sandali,$94,https://www.wills-vegan-store.com/products/vegan-two-strap-toe-peg-sandals-womens,36 - 42,F,Dark brown vegan suede,Will's Vegan Store
WVSport Active Sandals,Sandali,$55,https://www.wills-vegan-store.com/products/vegan-active-sandals-womens-wvsport,36 - 42,F,Black vegan suede - Dark brown vegan suede,Will's Vegan Store
Peep Toe Wedges,Sandali,$82,https://www.wills-vegan-store.com/products/vegan-peep-toe-wedges-womens,36 - 42,F,Black,Will's Vegan Store
Ruffle Sandals,Sandali,$82,https://www.wills-vegan-store.com/products/vegan-ruffle-sandals-womens,36 - 42,F,Patent black - Patent black & gold,Will's Vegan Store
Peep Toe Sandals,Sandali,$82,https://www.wills-vegan-store.com/products/vegan-peep-toe-sandals-womens,36 - 42,F,Black,Will's Vegan Store
Espadrille Wedges,Sandali,$56,https://www.wills-vegan-store.com/products/espadrille-wedges,36 - 42,F,Tan canvas,Will's Vegan Store
Flat Sandals,Sandali,$52,https://www.wills-vegan-store.com/products/flat-sandals,36 - 42,F,Black - Tan,Will's Vegan Store
Slim Soles,Scarpe - Mocassini,$110,https://www.wills-vegan-store.com/products/vegan-slim-soles-mens,40 - 48,M,Black - Tan - Chestnut - High shine black,Will's Vegan Store
Wide Fit Oxford Brogues,Scarpe - Mocassini,$136,https://www.wills-vegan-store.com/products/wide-fit-oxford-brogues-mens,40 - 48,M,Tan,Will's Vegan Store
Signature Derbys,Scarpe - Mocassini,$110,https://www.wills-vegan-store.com/products/vegan-signature-derbys-mens,40 - 48,M,Gray vegan suede - Dark blue vegan suede - Black vegan suede,Will's Vegan Store
Chunky Sole Loafers,Scarpe - Mocassini,$120,https://www.wills-vegan-store.com/products/chunky-sole-loafers,40 - 48,M,Black,Will's Vegan Store
Vegan Suede Loafers,Scarpe - Mocassini,$104,https://www.wills-vegan-store.com/products/vegan-suede-loafers-mens,40 - 48,M,Mocha vegan suede,Will's Vegan Store
City Derbys,Scarpe - Mocassini,$124,https://www.wills-vegan-store.com/products/vegan-city-derbys-mens,40 - 48,M,Chestnut - Black - Tan,Will's Vegan Store
Goodyear Welt Oxfords,Scarpe - Mocassini,$172,https://www.wills-vegan-store.com/products/vegan-goodyear-welt-oxfords-mens,40 - 48,M,Black - Chestnut,Will's Vegan Store
Casual Derbys,Scarpe - Mocassini,$124,https://www.wills-vegan-store.com/products/vegan-casual-derbys-mens,40 - 48,M,Tan - Black - Dark brown,Will's Vegan Store
Signature Brogues,Scarpe - Mocassini,$114,https://www.wills-vegan-store.com/products/vegan-signature-brogues-mens,40 - 48,M,Tan & Dark brown - Black & Cherry red - Cordovan red gloss,Will's Vegan Store
Continental Derbys,Scarpe - Mocassini,$118,https://www.wills-vegan-store.com/products/vegan-continental-derbys-mens,40 - 48,M,Black vegan suede - Tan,Will's Vegan Store
Goodyear Welt Derbys,Scarpe - Mocassini,$178,https://www.wills-vegan-store.com/products/vegan-goodyear-welt-derbys-mens,40 - 48,M,Black - Tan - Dark brown,Will's Vegan Store
City Loafers,Scarpe - Mocassini,$130,https://www.wills-vegan-store.com/products/vegan-city-loafers-mens,40 - 48,M,Black - Chestnut,Will's Vegan Store
Goodyear Welt Brogues,Scarpe - Mocassini,$186,https://www.wills-vegan-store.com/products/vegan-goodyear-welt-brogues-mens,40 - 48,M,Tan - Black - Dark brown,Will's Vegan Store
City Oxfords,Scarpe - Mocassini,$124,https://www.wills-vegan-store.com/products/vegan-city-oxfords-mens,40 - 48,M,Black - Dark brown,Will's Vegan Store
Goodyear Welt Loafers,Scarpe - Mocassini,$178,https://www.wills-vegan-store.com/products/vegan-goodyear-welt-loafers-mens,40 - 48,M,Tan - Black,Will's Vegan Store
Slim Sole Brogues,Scarpe - Mocassini,$108,https://www.wills-vegan-store.com/products/vegan-slim-sole-brogues-mens,40 - 48,M,Tan - Black,Will's Vegan Store
City Monks,Scarpe - Mocassini,$130,https://www.wills-vegan-store.com/products/vegan-city-monks-mens,40 - 48,M,Chestnut - Black,Will's Vegan Store
City Wingtip Brogue Oxfords,Scarpe - Mocassini,$115,https://www.wills-vegan-store.com/products/vegan-city-wingtip-brogue-oxfords-mens,40 - 48,M,Tan - Black,Will's Vegan Store
81 Oxfords,Scarpe - Mocassini,$122,https://www.wills-vegan-store.com/products/vegan-81-oxfords-mens,40 - 48,M,Tan,Will's Vegan Store
Continental Brogues,Scarpe - Mocassini,$118,https://www.wills-vegan-store.com/products/vegan-continental-brogues-mens,40 - 48,M,Tan - Black - Dark brown vegan suede,Will's Vegan Store
Penny Driving Loafers,Scarpe - Mocassini,$112,https://www.wills-vegan-store.com/products/vegan-penny-driving-loafers-mens,40 - 48,M,Chestnut - Black,Will's Vegan Store
Deck Shoes,Scarpe - Mocassini,$74,https://www.wills-vegan-store.com/products/vegan-deck-shoes-mens,40 - 48,M,Chestnut - Dark blue,Will's Vegan Store
Goodyear Welt Monks,Scarpe - Mocassini,$157,https://www.wills-vegan-store.com/products/vegan-goodyear-welt-monks-mens,40 - 48,M,Dark brown - Black,Will's Vegan Store
81 Monks,Scarpe - Mocassini,$84,https://www.wills-vegan-store.com/products/vegan-81-monks-mens,40 - 48,M,Brown vegan suede - Black,Will's Vegan Store
Rangers,Stivali,$134,https://www.wills-vegan-store.com/products/vegan-rangers-mens,40 - 48,M,Dark brown - Black,Will's Vegan Store
Wide Fit Work Boots,Stivali,$139,https://www.wills-vegan-store.com/products/wide-fit-work-boots-mens,40 - 48,M,Black,Will's Vegan Store
Wide Fit Luxe Deep Tread Chelsea Boots,Stivali,$139,https://www.wills-vegan-store.com/products/wide-fit-luxe-deep-tread-chelsea-boots-mens,40 - 48,M,Black,Will's Vegan Store
Goodyear Welt Chukka Boots,Stivali,$200,https://www.wills-vegan-store.com/products/goodyear-welt-chukka-boots,40 - 48,M,Black,Will's Vegan Store
Work Boots,Stivali,$122,https://www.wills-vegan-store.com/products/vegan-work-boots-mens,40 - 48,M,Chestnut - Black - Tan - Dark brown,Will's Vegan Store
WVSport Waterproof Hiking Boots,Stivali,$158,https://www.wills-vegan-store.com/products/vegan-waterproof-hiking-boots-mens-wvsport,40 - 48,M,Black - Dark brown - Dark blue,Will's Vegan Store
Dock Boots,Stivali,$114,https://www.wills-vegan-store.com/products/vegan-dock-boots-mens,40 - 48,M,Black - Chestnut - Tan vegan suede - Dark blue vegan suede - Grey vegan suede - Dark brown vegan suede,Will's Vegan Store
Low Rig Boots,Stivali,$122,https://www.wills-vegan-store.com/products/vegan-low-rig-boots-mens,40 - 48,M,Tan - Black - Navy blue - Chestnut,Will's Vegan Store
WVSport Corvara Trek Boots,Stivali,$139,https://www.wills-vegan-store.com/products/wvsport-corvara-trek-boots,40 - 48,M,Dark brown,Will's Vegan Store
Goodyear Welt Rig Boots,Stivali,$200,https://www.wills-vegan-store.com/products/goodyear-welt-rig-boots,40 - 48,M,Chestnut,Will's Vegan Store
Signature Deserts,Stivali,$120,https://www.wills-vegan-store.com/products/vegan-signature-deserts-mens,40 - 48,M,Gray vegan suede - Dark brown - Dark brown vegan suede - Taupe vegan suede - Black vegan suede,Will's Vegan Store
Waterproof Chelsea Boots,Stivali,$168,https://www.wills-vegan-store.com/products/vegan-waterproof-chelsea-boots-mens,40 - 48,M,Black - Dark brown,Will's Vegan Store
Chukka Boots,Stivali,$114,https://www.wills-vegan-store.com/products/vegan-chukka-boots-mens,40 - 48,M,Black - Dark brown,Will's Vegan Store
Insulated Dock Boots,Stivali,$132,https://www.wills-vegan-store.com/products/vegan-insulated-dock-boots-mens,40 - 48,M,Chestnut - Black - Gray vegan suede,Will's Vegan Store
Continental Chelsea Boots,Stivali,$122,https://www.wills-vegan-store.com/products/vegan-continental-chelsea-boots-mens,40 - 48,M,Black vegan suede - Dark blue vegan suede - Dark brown vegan suede,Will's Vegan Store
Insulated Waterproof Chelsea Boots,Stivali,$184,https://www.wills-vegan-store.com/products/vegan-insulated-waterproof-chelsea-boots-mens,40 - 48,M,Black - Chestnut,Will's Vegan Store
WVSport Safety Work Boots S3 SRC,Stivali,$152,https://www.wills-vegan-store.com/products/vegan-safety-work-boots-s3-src-mens-wvsport,40 - 48,M,Black,Will's Vegan Store
Chelsea Boots,Stivali,$130,https://www.wills-vegan-store.com/products/vegan-chelsea-boots-mens,40 - 48,M,Black - Dark brown - Dark brown vegan suede,Will's Vegan Store
Dress Boots,Stivali,$134,https://www.wills-vegan-store.com/products/vegan-dress-boots-mens,40 - 48,M,Black,Will's Vegan Store
Low Dock Boots,Stivali,$110,https://www.wills-vegan-store.com/products/vegan-low-dock-boots-mens,40 - 48,M,Gray vegan suede - Dark brown vegan suede - Black vegan suede,Will's Vegan Store
Goodyear Welt Chelsea Boots,Stivali,$212,https://www.wills-vegan-store.com/products/vegan-goodyear-welt-chelsea-boots-mens,40 - 48,M,Black - Dark brown vegan suede,Will's Vegan Store
Goodyear Welt Tactical Boots,Stivali,$204,https://www.wills-vegan-store.com/products/vegan-goodyear-tactical-boots-mens,40 - 48,M,Black,Will's Vegan Store
Western Boots,Stivali,$132,https://www.wills-vegan-store.com/products/vegan-western-boots-mens,40 - 48,M,Black - Dark brown,Will's Vegan Store
WVSport Insulated Waterproof Hiking Boots,Stivali,$168,https://www.wills-vegan-store.com/products/vegan-wvsport-insulated-waterproof-hiking-boots-mens,40 - 48,M,Black,Will's Vegan Store
WVSport Waterproof Hiking Shoes,Stivali,$124,https://www.wills-vegan-store.com/products/vegan-waterproof-hiking-shoes-mens-wvsport,40 - 48,M,Black,Will's Vegan Store
WVSport Country Boots,Stivali,$148,https://www.wills-vegan-store.com/products/vegan-country-boots-mens-wvsport,40 - 48,M,Black,Will's Vegan Store
Luxe Smart Chelsea Boots,Stivali,$118,https://www.wills-vegan-store.com/products/vegan-luxe-smart-chelsea-boots-mens,40 - 48,M,Black,Will's Vegan Store
WVSport Waterproof Urban Boots,Stivali,$140,https://www.wills-vegan-store.com/products/vegan-waterproof-urban-boots-mens-wvsport,40 - 48,M,Black,Will's Vegan Store
Brogue Boots,Stivali,$132,https://www.wills-vegan-store.com/products/vegan-brogue-boots-mens,40 - 48,M,Black - Dark brown,Will's Vegan Store
Moccasin Boots,Stivali,$114,https://www.wills-vegan-store.com/products/vegan-moccasin-boots-mens,40 - 48,M,Brown vegan suede - Cream vegan suede - Dark brown vegan suede,Will's Vegan Store
Pull On Rig Boots,Stivali,$69,https://www.wills-vegan-store.com/products/vegan-pull-on-rig-boots-mens,40 - 48,M,Chestnut,Will's Vegan Store
Insulated Work Boots,Stivali,$130,https://www.wills-vegan-store.com/products/vegan-insulated-work-boots-mens,40 - 48,M,Black,Will's Vegan Store
WVSport Walking Trainers,Stivali,$99,https://www.wills-vegan-store.com/products/vegan-walking-trainers-mens-wvsport,40 - 48,M,Black - Blue,Will's Vegan Store
Luxe Deep Tread Chelsea Boots,Stivali,$118,https://www.wills-vegan-store.com/products/vegan-luxe-deep-tread-chelsea-boots,40 - 48,M,Black,Will's Vegan Store
Crepe Sole Desert Boots,Stivali,$48,https://www.wills-vegan-store.com/products/vegan-crepe-sole-desert-boots-mens,40 - 48,M,Black vegan suede - Sand vegan suede,Will's Vegan Store
Luxe Insulated Deep Tread Chelsea Boots,Stivali,$130,https://www.wills-vegan-store.com/products/vegan-luxe-insulated-deep-tread-chelsea-boots-mens,40 - 48,M,Black,Will's Vegan Store
WVSport Insulated Waterproof Alpine Trail Hiking Boots,Stivali,$186,https://www.wills-vegan-store.com/products/wvsport-insulated-waterproof-alpine-trail-hiking-boots-mens,40 - 48,M,Chestnut,Will's Vegan Store
WVSport Waterproof Walking Boots,Stivali,$148,https://www.wills-vegan-store.com/products/vegan-waterproof-walking-boots-mens-wvsport,40 - 48,M,Gray,Will's Vegan Store
Sneaker Boots,Stivali,$124,https://www.wills-vegan-store.com/products/vegan-sneaker-boots-mens,40 - 48,M,Black,Will's Vegan Store
Goodyear Welt Brogue Boots,Stivali,$194,https://www.wills-vegan-store.com/products/vegan-goodyear-welt-brogue-boots-mens,40 - 48,M,Black,Will's Vegan Store
High Rig Boots,Stivali,$110,https://www.wills-vegan-store.com/products/vegan-high-rig-boots-mens,40 - 48,M,Dark brown,Will's Vegan Store
WVSport Cross Trail Boots,Stivali,$140,https://www.wills-vegan-store.com/products/vegan-cross-trail-boots-mens-wvsport,40 - 48,M,Gray,Will's Vegan Store
WVSport Montreux Trek Boots,Stivali,$139,https://www.wills-vegan-store.com/products/wvsport-montreux-trek-boots,40 - 48,M,Gray,Will's Vegan Store
WVSport X-Terrain Navigators,Stivali,$139,https://www.wills-vegan-store.com/products/wvsport-x-terrain-navigators,40 - 48,M,Black,Will's Vegan Store
Milan Trainers,Sneakers & Trainers,$114,https://www.wills-vegan-store.com/products/vegan-milan-trainers-mens,40 - 48,M,Black - Dark blue vegan suede,Will's Vegan Store
WVSport Recycled Freedom Trainers,Sneakers & Trainers,$67,https://www.wills-vegan-store.com/products/vegan-freedom-trainers-mens-wvsport,40 - 48,M,Black mesh knit - Gray mesh knit - White mesh knit,Will's Vegan Store
Vegan Suede Sneakers,Sneakers & Trainers,$104,https://www.wills-vegan-store.com/products/vegan-suede-sneakers-mens,40 - 48,M,Dark blue vegan suede - Black vegan suede - Gray vegan suede,Will's Vegan Store
NY Sneakers,Sneakers & Trainers,$110,https://www.wills-vegan-store.com/products/vegan-ny-sneakers-mens,40 - 48,M,White - Black,Will's Vegan Store
WVSport Oakes Cross Running Trainers,Sneakers & Trainers,$99,https://www.wills-vegan-store.com/products/vegan-oakes-cross-running-trainers-mens-wvsport,40 - 47,M,Black edition - Black,Will's Vegan Store
Munich 2 Sneakers,Sneakers & Trainers,$112,https://www.wills-vegan-store.com/products/vegan-munich-2-sneakers-mens,40 - 48,M,White,Will's Vegan Store
LDN Biodegradable Sneakers,Sneakers & Trainers,$0,https://www.wills-vegan-store.com/products/vegan-ldn-biodegradable-sneakers-mens,40 - 46,M,White knit - Black knit - Gray knit,Will's Vegan Store
Smart Sneakers,Sneakers & Trainers,$90,https://www.wills-vegan-store.com/products/vegan-smart-sneakers-mens,40 - 48,M,Black - Tan,Will's Vegan Store
Chicago High-Tops,Sneakers & Trainers,$69,https://www.wills-vegan-store.com/products/vegan-chicago-high-tops-mens,40 - 46,M,Black - White,Will's Vegan Store
Chicago Low Tops,Sneakers & Trainers,$69,https://www.wills-vegan-store.com/products/vegan-chicago-low-tops-mens,40 - 46,M,White - Black,Will's Vegan Store
Biodegradable NY Sneakers,Sneakers & Trainers,$108,https://www.wills-vegan-store.com/products/biodegradable-ny-sneakers-mens,40 - 47,M,White knit - Black knit,Will's Vegan Store
WVSport Road Running Trainers,Sneakers & Trainers,$119,https://www.wills-vegan-store.com/products/wvsport-road-running-trainers-mens,40 - 48,M,Black,Will's Vegan Store
WVSport Trail Running Trainers,Sneakers & Trainers,$119,https://www.wills-vegan-store.com/products/wvsport-trail-running-trainers,40 - 48,M,Black,Will's Vegan Store
Berlin Trainers,Sneakers & Trainers,$98,https://www.wills-vegan-store.com/products/vegan-berlin-trainers-mens,40 - 47,M,White,Will's Vegan Store
WVSport X-Terrain Navigators,Sneakers & Trainers,$139,https://www.wills-vegan-store.com/products/wvsport-x-terrain-navigators,40 - 47,M,Black,Will's Vegan Store
Two Strap Footbed Sandals,Sandali,$106,https://www.wills-vegan-store.com/products/vegan-two-strap-footbed-sandals-mens,40 - 48,M,Chestnut - Black,Will's Vegan Store
Recycled Penny Loafers,Sandali,$39,https://www.wills-vegan-store.com/products/vegan-recycled-espadrille-penny-loafers-mens,40 - 48,M,Beige canvas - Dark blue canvas,Will's Vegan Store
Toe Peg Footbed Sandals,Sandali,$80,https://www.wills-vegan-store.com/products/vegan-toe-peg-footbed-sandals-mens,40 - 48,M,Taupe vegan suede,Will's Vegan Store
Recycled Espadrille Loafers,Sandali,$47,https://www.wills-vegan-store.com/products/vegan-recycled-espadrille-loafers-mens,40 - 48,M,Denim,Will's Vegan Store
WVSport Active Sandals,Sandali,$55,https://www.wills-vegan-store.com/products/vegan-active-sandals-mens-wvsport,40 - 48,M,Black vegan suede - Dark brown vegan suede,Will's Vegan Store
